timestamp,task_id,property_sentence,assigned_level,level3_source,mechanism,fix_scope,root_cause_group,confidence,rule_invoked,coding_notes,second_look,scheme_version
2026-09-29T22:13:21,2023-07-pooltogether::H-02,"The number of shares burned on withdraw must equal the full uint256 share amount computed for the assets paid out, whenever shares exceed type(uint96).max.",1,,logic-error,expression,,low,B3,step3: Vault._burn passes uint96(_shares): a silent downcast of a uint256 parameter whose type the function itself declares | truncating cast; B3 (overflow/rounding) applies,,1.1
2026-09-29T22:13:22,2023-07-pooltogether::H-02,,,,,,,,,patch replaces uint96() with SafeCast toUint96() in _mint/_burn/_transfer; same expression-level fault,unchanged,1.1
2026-09-29T22:28:29,2023-07-pooltogether::H-04,Accrued yield-fee shares must be minted only to the configured _yieldFeeRecipient whenever mintYieldFee is called.,1,,access-control,function,,low,B4,"step3: _mint(_recipient, _shares) uses a caller-supplied parameter although the sibling state variable _yieldFeeRecipient (set in the constructor) names the intended recipient | could also be read as level 2 (fee belongs to protocol); B4 applies",,1.1
2026-09-29T22:28:30,2023-07-pooltogether::H-04,,,,,,,,,patch mints to _yieldFeeRecipient; confirms sibling-variable reading,unchanged,1.1
2026-09-29T22:42:15,2023-10-nextgen::H-01,"The number of tokens minted per address in a phase must not exceed maxCollectionPurchases whenever mint is called, including from within an onERC721Received callback.",2,,reentrancy,function,,high,,counter updated after _safeMint; scarcity/mint-limit invariant,,1.1
2026-09-29T22:42:16,2023-10-nextgen::H-01,,,,,,,,,patch moves counter increment before _mintProcessing (CEI); consistent with coding,unchanged,1.1
2026-09-29T22:56:02,2023-10-nextgen::H-02,"Each bid must be refunded at most once, and claimAuction must not be callable while bids can still be placed or cancelled.",1,,logic-error,multi-function,,low,,"step3: claimAuction uses block.timestamp >= endTime while sibling participateToAuction/cancelBid use <= endTime, so both phases are open at endTime; claimAuction refunds without clearing status that cancelBid clears | two properties (phase exclusivity + single refund); writeup says two bugs",,1.1
2026-09-29T22:56:03,2023-10-nextgen::H-02,,,,,,,,,patch changes >= to > and sets status=false in claimAuction; matches two-part coding,unchanged,1.1
2026-09-29T23:09:31,2023-12-ethereumcreditguild::H-01,"A user's userGaugeProfitIndex must be set to the current gaugeProfitIndex whenever the user's gauge weight goes from zero to nonzero, so rewards accrue only for profit notified while weight is held.",2,,logic-error,function,,high,,early return when weight==0 skips index checkpoint; reward-accrual invariant,,1.1
2026-09-29T23:09:32,2023-12-ethereumcreditguild::H-01,,,,,,,,,patch sets userGaugeProfitIndex before the weight==0 return; same function,unchanged,1.1
2026-09-29T23:23:45,2023-12-ethereumcreditguild::H-02,A transfer must not increase the sender's total balance (rebasing rewards must not be minted) whenever from == to.,2,,logic-error,function,,low,,stale memory copy rebasingStateTo when msg.sender==to; level 1 arguable (aliasing of cached state),,1.1
2026-09-29T23:23:46,2023-12-ethereumcreditguild::H-02,,,,,,,,,patch forbids self-transfer in transfer and transferFrom,unchanged,1.1
2026-09-29T23:36:20,2024-01-canto::H-01,The epoch passed to gauge_relative_weight_write must be a timestamp aligned to WEEK whenever update_market computes market rewards.,1,,logic-error,multi-function,,high,,"step3: gauge_relative_weight_write(_market, epoch) passes a block-number epoch into a parameter named _time that the callee divides by WEEK (7 days) | unit mismatch blocks vs seconds",,1.1
2026-09-29T23:50:50,2024-01-canto::H-02,Rewards for each block must be priced at the cantoPerBlock of the epoch containing that block whenever update_market crosses an epoch boundary.,1,,logic-error,expression,,high,,"step3: nextEpoch = i + BLOCK_EPOCH, whereas the line above computes the aligned epoch; should be epoch + BLOCK_EPOCH | ",,1.1
2026-09-30T00:04:12,2024-01-curves::H-02,"A holder's userFeeOffset must be checkpointed to cumulativeFeePerToken whenever that holder's curves-token balance changes (buy, sell, transfer, deposit, withdraw).",2,,logic-error,multi-function,,high,,onBalanceChange only called from _transferFees; fee-accumulator entitlement invariant,,1.1
2026-09-30T00:04:13,2024-01-curves::H-02,,,,,,,,,H-02.diff adds onBalanceChange for from and to in _transfer; consistent,unchanged,1.1
2026-09-30T00:17:55,2024-01-curves::H-03,"Holders of a subject's curve tokens must be able to sell whenever they hold a balance, regardless of the subject's referral-fee destination.",2,,other,function,,low,,DoS of sell path via reverting referral receiver; level 3 also writable but no document quoted,,1.1
2026-09-30T00:17:56,2024-01-curves::H-03,,,,,,,,,no H-03 diff in patch/; shown diffs are for H-02/H-04/H-05,unchanged,1.1
2026-09-30T00:31:10,2024-01-curves::H-04,The FeeSplitter's curves reference must be changeable only by the owner or a manager.,1,,access-control,expression,,low,B4,step3: setCurves is public with no modifier although the contract inherits Security's onlyOwner/onlyManager guards used for privileged setters | missing modifier,,1.1
2026-09-30T00:31:11,2024-01-curves::H-04,,,,,,,,,H-04.diff adds onlyOwner to setCurves,unchanged,1.1
2026-09-30T00:44:30,2024-01-curves::H-05,Functions guarded by onlyOwner/onlyManager must revert whenever msg.sender is not the owner/a manager.,1,,access-control,expression,,low,B4,"step3: modifier bodies `msg.sender == owner;` and `managers[msg.sender] == true;` evaluate a comparison and discard it, contrary to the modifier names | automated finding, out of scope per C4 note",,1.1
2026-09-30T00:44:31,2024-01-curves::H-05,,,,,,,,,H-05.diff wraps both in require,unchanged,1.1
2026-09-30T00:58:45,2024-01-init-capital-invitational::H-01,An order's parameters must be modifiable only by the creator of the position that owns the order.,1,,access-control,expression,,low,B4,"step3: updateOrder checks initPosId != 0 but not order.initPosId == initPosId, the check the sibling cancelOrder performs | ",,1.1
2026-09-30T01:12:15,2024-01-init-capital-invitational::H-02,An order's tokenOut must be the position's baseAsset or quoteAsset whenever the order is created or updated.,1,,missing-check,expression,init-updateOrder-mutable-terms,low,B8,step3: updateOrder assigns order.tokenOut = _tokenOut without the baseAsset/quoteAsset validation the sibling order-creation path applies | shares root cause with H-03 (order terms mutable while fill pending); sponsor fix (cancel+recreate) covers both,,1.1
2026-09-30T01:25:34,2024-01-init-capital-invitational::H-03,The amount an executor pays in fillOrder must not exceed the amount implied by the order terms the executor observed when submitting the fill.,2,,missing-check,function,init-updateOrder-mutable-terms,low,B8,front-running of limitPrice_e36; executor slippage protection missing,,1.1
2026-09-30T01:39:51,2024-01-renft::H-01,"A rental must be stoppable, returning the rented assets to the lender, whenever the rental has expired, regardless of consideration items appended by the fulfiller.",3,"Seaport docs, Order section (docs.opensea.io/reference/seaport-overview#order), quoted in write-up: 'it is important that orders fulfilled in this manner either leverage ""restricted"" order types with a zone that enforces appropriate allocation of consideration extensions'",missing-check,multi-function,,low,,level 2 (asset-return liveness) also writable; Create zone does not police tipped consideration items,,1.1
2026-09-30T01:39:52,2024-01-renft::H-01,,,,,,,,,no H-01 diff; reNFT mitigation (whitelist) described in write-up,unchanged,1.1
2026-09-30T01:52:12,2024-01-renft::H-02,A rented ERC721/ERC1155 token must not leave the borrower's rental safe while its rental is active.,2,,missing-check,function,,high,,"guard does not inspect setFallbackHandler, letting the safe forward transferFrom to the token",,1.1
2026-09-30T01:52:13,2024-01-renft::H-02,,,,,,,,,H-02.diff makes the guard revert on the setFallbackHandler selector; same function-level fix,unchanged,1.1
2026-09-30T02:05:44,2024-01-renft::H-03,"A rented ERC1155 token must not leave the borrower's rental safe while its rental is active, including during the fulfillment callback before the rental is registered.",2,,reentrancy,multi-function,,high,,tokens delivered via safeTransferFrom before rental registered; judge keeps distinct from H-02,,1.1
2026-09-30T02:05:45,2024-01-renft::H-03,,,,,,,,,no H-03 diff in patch/,unchanged,1.1
2026-09-30T02:18:29,2024-01-renft::H-05,A RentalOrder supplied to stopRent must correspond to an existing stored rental for the same rentalWallet before any rented asset is reclaimed; and a protocol signature must authorize only the order it was issued for.,1,,logic-error,multi-function,,low,,"step3: _deriveRentalOrderHash encodes every RentalOrder field except rentalWallet (and _deriveOrderMetadataHash omits orderType/emittedExtraData), so the hash does not match the struct type it claims to hash | write-up chains three bugs (late existence check, replayable signer digest, non-EIP-712-compliant hashing); >1 property",,1.1
2026-09-30T02:18:30,2024-01-renft::H-05,,,,,,,,,no H-05 diff in patch/; sponsor says mitigated via other findings,unchanged,1.1
2026-09-30T02:33:01,2024-01-renft::H-06,The ERC20 amount recorded as escrowed for a rental must equal the amount actually transferred to the Escrow contract during fulfillment.,2,,missing-check,function,,high,,zero executions skip _executionInvariantChecks; escrow conservation,,1.1
2026-09-30T02:33:02,2024-01-renft::H-06,,,,,,,,,H-06.diff adds _executionPaymentChecks comparing expected ERC20 totals against totalExecutions,unchanged,1.1
2026-09-30T02:46:22,2024-01-renft::H-07,"Every rental created from a partially-fillable offer must be stored under a distinct order hash, so that stopping each rental returns all of its assets to the lender.",2,,logic-error,function,,high,,hash collision across partial fills locks remaining assets,,1.1
2026-09-30T02:46:23,2024-01-renft::H-07,,,,,,,,,no H-07 diff in patch/,unchanged,1.1
2026-09-30T03:00:10,2024-02-althea-liquid-infrastructure::H-01,"Each address must appear in the holders array at most once, and only when it holds a positive balance.",1,,logic-error,expression,,high,,"step3: bool exists = (this.balanceOf(to) != 0) is used as the membership test for holders, so zero-amount transfers/burns push duplicates and address(0) | duplicate holders inflate distribute() payouts; burn(0) DoS",,1.1
2026-09-30T03:14:35,2024-03-abracadabra-money::H-01,"_BASE_PRICE_CUMULATIVE_LAST_ must accrue, for each elapsed interval, the price that prevailed during that interval rather than the price after the current reserve change.",2,,logic-error,multi-function,,low,B5,TWAP updated after reserves change; sponsor disputed then removed TWAP,,1.1
2026-09-30T03:27:08,2024-03-abracadabra-money::H-02,"After the initial deposit, _QUOTE_TARGET_/_BASE_TARGET_ must equal the pool parameter I up to one unit of rounding.",1,,logic-error,expression,,low,B3,"step3: quoteBalance < DecimalMath.mulFloor(baseBalance, _I_) rounds down, so the branch chooses baseBalance shares and QUOTE_TARGET = mulFloor(shares, I) diverges from I; should be mulCeil | rounding amplification; level 2 (I invariant) also writable; sponsor acknowledged, won't fix",,1.1
2026-09-30T03:41:40,2024-03-abracadabra-money::H-03,"After the first deposit into a MagicLP pool, each token's target must equal its reserve, so that no trader can extract value from the gap between reserves and targets.",2,,logic-error,function,,high,,unbalanced bootstrap deposit leaves quote reserve > quote target; sponsor mitigated operationally (pause during bootstrap),,1.1
2026-09-30T03:54:19,2024-03-abracadabra-money::H-04,The LP-token price reported by MagicLpAggregator must not be movable by a single actor's within-block change to pool reserves.,2,,other,function,,low,B5,spot-reserve oracle manipulable by flash loan,,1.1
2026-09-30T04:08:52,2024-03-canto::H-01,"ASDRouter's native balance must be zero after every lzCompose call, with any unused msg.value refunded to the refund address.",3,Canto 2024-03 audit README.md L193 (quoted in write-up): 'ASDRouter native balance should always be zero.',logic-error,function,,low,,level 2 (no value left unaccounted) also writable; excess msg.value not refunded on success path,,1.1
2026-09-30T04:22:15,2024-03-canto::H-02,"OFTs delivered to ASDRouter for a composed message must be redeemed only according to that message's payload, not by an arbitrary lzCompose caller.",2,,access-control,multi-function,,low,B4,"LayerZero docs quoted only to describe two-transaction delivery, not protocol intent; write-up prefers design change to _lzReceive",,1.1
2026-09-30T04:36:44,2024-03-coinbase::H-01,"A replayed removeOwnerAtIndex call must remove the same owner on every chain it executes on, and must never remove the last owner.",2,,logic-error,function,,low,,">1 property (index-based removal across chains + missing last-owner guard); ownership-integrity invariant, not strictly economic",,1.1
2026-09-30T04:49:50,2024-03-gitcoin::H-01,"userTotalStaked[address] must equal selfStakes amount plus the sum of that address's communityStakes amounts after every state-changing call, including release().",1,,logic-error,function,,low,,step3: release() increments selfStakes[staker].amount / communityStakes[...].amount without the userTotalStaked update that the sibling stake/withdraw/slash paths perform | README invariant also quoted (level 3 writable),,1.1
2026-09-30T05:03:12,2024-03-neobase::H-01,A user must be able to reset to zero the voting power allocated to a gauge whenever that gauge has been removed.,1,,logic-error,expression,,high,,"step3: require(gauge_type >= 0, ""Gauge not added"") reverts for removed gauges, contradicting the preceding require that explicitly admits _user_weight == 0 on non-gauges | regression of an earlier verwa finding",,1.1
2026-09-30T05:16:35,2024-03-taiko::H-01,Gas issuance in the base-fee calculation must equal gasTargetPerL1Block times the number of L1 blocks elapsed since issuance was last applied.,1,,logic-error,function,,low,,"step3: numL1Blocks = _l1BlockId - lastSyncedBlock uses a variable that is only advanced every BLOCK_SYNC_THRESHOLD blocks, so blocks are counted repeatedly | level 2 (fee-market issuance) also writable",,1.1
2026-09-30T05:16:36,2024-03-taiko::H-01,,,,,,,,,"no H-01 diff in patch/ (H-03, H-05 only)",unchanged,1.1
2026-09-30T05:30:19,2024-03-taiko::H-02,A prover's validity bond and a contester's contest bond must not be burned whenever the transition or contest they backed is the one ultimately verified.,2,,logic-error,multi-function,,low,,sponsor says known/by design; guardian override cannot refund,,1.1
2026-09-30T05:30:20,2024-03-taiko::H-02,,,,,,,,,no H-02 diff in patch/,unchanged,1.1
2026-09-30T05:44:05,2024-03-taiko::H-03,A user who claimed an airdrop must be able to withdraw the full claimed amount whenever it has fully unlocked.,2,,logic-error,expression,,low,,withdrawal window closes at the same instant unlock reaches 100%; level 1 arguable on the modifier bound,,1.1
2026-09-30T05:44:06,2024-03-taiko::H-03,,,,,,,,,"H-03.diff adds a 30-day WITHDRAWAL_GRACE_PERIOD to the ongoingWithdrawals bound; expression-level, consistent",unchanged,1.1
2026-09-30T05:58:22,2024-03-taiko::H-04,The ERC20 prover fee for a proposed block must be paid only by that block's proposer (msg.sender).,2,,access-control,expression,,low,B4,params.coinbase is caller-controlled and used as transferFrom source; payer intent appears only in code comments,,1.1
2026-09-30T05:58:23,2024-03-taiko::H-04,,,,,,,,,no H-04 diff in patch/,unchanged,1.1
2026-09-30T06:12:41,2024-03-taiko::H-05,A withdraw signature must authorize at most one withdrawal.,2,,missing-check,function,,high,,no nonce in signed hash,,1.1
2026-09-30T06:12:42,2024-03-taiko::H-05,,,,,,,,,H-05.diff records used signature hashes; consistent,unchanged,1.1
2026-09-30T06:26:15,2024-04-noya::H-01,ChainlinkOracleConnector.getValue must return the converted amount in the base token's decimals whenever the ETH/USD feed is used in a route.,1,,logic-error,expression,,low,"B3, B5","step3: decimalsSource = (ETH or USD) ? primarySource : ... takes the feed's 8 decimals as ETH's unit, whereas the code treats ETH amounts as 18-decimal | decimal scaling in oracle path",,1.1
2026-09-30T06:26:16,2024-04-noya::H-01,,,,,,,,,patch/ contains only H-08.diff; nothing for H-01,unchanged,1.1
2026-09-30T06:39:55,2024-04-noya::H-03,"Each hop of a multi-token price route must convert from the previous hop's token, so the final value equals the composed conversion asset->...->baseToken.",1,,logic-error,expression,,low,B5,"step3: inside the route loop _getValue(asset, sources[i], initialValue) uses asset instead of quotingToken, the loop variable the same loop maintains | ",,1.1
2026-09-30T06:39:56,2024-04-noya::H-03,,,,,,,,,patch/ contains only H-08.diff,unchanged,1.1
2026-09-30T06:53:20,2024-04-noya::H-04,A withdrawal that cannot be transferred to one queued user must not prevent other queued users from withdrawing.,2,,other,function,,high,,"blocking queue DoS (blacklist, zero address, zero amount per judge)",,1.1
2026-09-30T06:53:21,2024-04-noya::H-04,,,,,,,,,patch/ contains only H-08.diff,unchanged,1.1
2026-09-30T07:07:42,2024-04-noya::H-05,SY and PT tokens sent to the Pendle market but not consumed by mint must be returned to the connector.,2,,logic-error,function,,high,,skim() assumed to refund surplus (assumption stated only in a code comment),,1.1
2026-09-30T07:07:43,2024-04-noya::H-05,,,,,,,,,patch/ contains only H-08.diff,unchanged,1.1
2026-09-30T07:21:18,2024-04-noya::H-06,"A connector's reported position TVL must include all LP tokens it owns, including those staked in the Aerodrome gauge.",2,,logic-error,expression,,low,B5,valuation omission; TVL feeds share pricing,,1.1
2026-09-30T07:21:19,2024-04-noya::H-06,,,,,,,,,patch/ contains only H-08.diff,unchanged,1.1
2026-09-30T07:35:05,2024-04-noya::H-07,PT tokens redeemed when burning Pendle LP must be received by the connector.,1,,logic-error,expression,,high,,"step3: market.burn(address(this), address(market), amount) passes the market as receiverPt, the callee parameter that names the PT recipient | ",,1.1
2026-09-30T07:35:06,2024-04-noya::H-07,,,,,,,,,patch/ contains only H-08.diff,unchanged,1.1
2026-09-30T07:49:33,2024-04-noya::H-08,"A connector's tokens must be transferable via sendTokensToTrustedAddress only on behalf of the vault that owns the connector, including when called through the shared flash-loan contract.",2,,access-control,function,,low,B4,flashLoan address trusted by every vault's connectors,,1.1
2026-09-30T07:49:34,2024-04-noya::H-08,,,,,,,,,"H-08.diff records activeVaultId in BalancerFlashLoan and checks it in BaseConnector; level unchanged, though the actual fix spans two contracts",unchanged,1.1
2026-09-30T08:02:48,2024-04-noya::H-09,Surplus collateral credited to the PrismaConnector after a recovery-mode liquidation must be claimable by the connector.,2,,other,function,,low,,"missing integration function; Prisma docs quoted describe the dependency's behaviour, not Noya's intent, so level 3 not taken",,1.1
2026-09-30T08:02:49,2024-04-noya::H-09,,,,,,,,,patch/ contains only H-08.diff,unchanged,1.1
2026-09-30T08:16:11,2024-04-noya::H-10,"currentWithdrawGroup.totalCBAmount must equal the sum of amounts calculated for withdrawal requests currently between first and middle, including after resetMiddle.",2,,logic-error,expression,,high,,stale accumulator after reset,,1.1
2026-09-30T08:16:12,2024-04-noya::H-10,,,,,,,,,patch/ contains only H-08.diff,unchanged,1.1
2026-09-30T08:29:55,2024-04-noya::H-11,"SNXConnector's position TVL must equal deposited collateral value net of sUSD debt, counting each unit of collateral once.",2,,logic-error,function,,low,B5,"two issues: debt omitted, totalAssigned double-counted; write-up only partly proposes a fix",,1.1
2026-09-30T08:29:56,2024-04-noya::H-11,,,,,,,,,patch/ contains only H-08.diff,unchanged,1.1
2026-09-30T08:43:29,2024-04-noya::H-12,"After removing a holding position by swap-and-pop, isPositionUsed must map the moved position's id to its new index.",1,,logic-error,expression,,high,,"step3: re-indexing hashes holdingPositions[i].calculatorConnector, whereas the id is created as keccak256(abi.encode(msg.sender=ownerConnector, positionId, data)) a few lines above | ",,1.1
2026-09-30T08:43:30,2024-04-noya::H-12,,,,,,,,,patch/ contains only H-08.diff,unchanged,1.1
2026-09-30T08:57:04,2024-04-noya::H-13,BalancerConnector's position TVL must equal the connector's pro-rata share of the pool's token balances valued at oracle prices.,2,,logic-error,expression,,low,B5,"divides by token weight; Balancer valuation docs quoted (dependency doc, not protocol intent)",,1.1
2026-09-30T08:57:05,2024-04-noya::H-13,,,,,,,,,patch/ contains only H-08.diff,unchanged,1.1
2026-09-30T09:11:42,2024-04-noya::H-14,"BalancerConnector's LP share of a pool must be computed against the pool's actual circulating BPT supply, excluding pre-minted BPT.",2,,logic-error,expression,,low,B5,totalSupply vs getActualSupply; Balancer docs quoted describe dependency semantics,,1.1
2026-09-30T09:11:43,2024-04-noya::H-14,,,,,,,,,patch/ contains only H-08.diff,unchanged,1.1
2026-09-30T09:25:25,2024-04-noya::H-15,"SiloConnector's position TVL must value collateral, collateral-only and debt positions in units of the underlying asset before pricing them.",1,,logic-error,function,,low,B5,step3: balanceOf of collateralToken/collateralOnlyToken/debtToken (typed IShareToken) is summed and multiplied by the underlying asset's price as though they were asset amounts | share/asset unit confusion; two sub-issues,,1.1
2026-09-30T09:25:26,2024-04-noya::H-15,,,,,,,,,patch/ contains only H-08.diff,unchanged,1.1
2026-09-30T09:41:10,2024-04-noya::H-16,The Silo position must satisfy the minimum health factor after every borrow.,1,,missing-check,expression,,high,,"step3: borrow() omits the SolvencyV2.isSolvent(silo, this, minimumHealthFactor) check that the sibling repay() performs | ",,1.1
2026-09-30T09:41:11,2024-04-noya::H-16,,,,,,,,,patch/ contains only H-08.diff,unchanged,1.1
2026-09-30T09:55:50,2024-04-noya::H-18,An open Dolomite borrow position must be recorded as a holding position in the Registry for as long as it is open.,1,,logic-error,expression,,high,,"step3: openBorrowPosition calls updateHoldingPosition(..., true) with removePosition=true, the flag the sibling withdraw passes only when the account is emptied | judge: both open and close impacted",,1.1
2026-09-30T09:55:51,2024-04-noya::H-18,,,,,,,,,patch/ contains only H-08.diff,unchanged,1.1
2026-09-30T10:10:10,2024-04-noya::H-19,"MorphoBlue connector TVL must equal collateral value plus supplied loan tokens minus borrowed amount, with each token's decimals respected and registry updated for every token withdrawn.",1,,logic-error,multi-function,,low,"B3, B5",step3: _getPositionTVL adds borrowAmount where a debt must be subtracted (plus convertCToL ignores token decimals) | three independent errors; >1 property,,1.1
2026-09-30T10:10:11,2024-04-noya::H-19,,,,,,,,,patch/ contains only H-08.diff,unchanged,1.1
2026-09-30T10:25:00,2024-04-noya::H-21,A Pendle market holding position must not be removed while the connector still has LP staked at Penpie for that market.,2,,missing-check,expression,,low,B5,isMarketEmpty omits Penpie stake; TVL undercount,,1.1
2026-09-30T10:25:01,2024-04-noya::H-21,,,,,,,,,patch/ contains only H-08.diff,unchanged,1.1
2026-09-30T10:39:30,2024-04-noya::H-22,Pendle connector TVL must convert LP and PT balances into SY units before adding them to SYAmount.,1,,logic-error,function,,low,B5,step3: SYAmount += lpBalance * market.getLpToAssetRate(10) / 1e18 adds an LP-to-ASSET rate (as the callee's name states) into a variable named SYAmount; same for getPtToAssetRate | ,,1.1
2026-09-30T10:39:31,2024-04-noya::H-22,,,,,,,,,patch/ contains only H-08.diff,unchanged,1.1
2026-09-30T10:54:10,2024-04-noya::H-23,Registry holding positions for Dolomite accounts must reflect which accounts hold collateral after transferBetweenAccounts.,2,,logic-error,function,,low,B5,TVL tracked on stale account,,1.1
2026-09-30T10:54:11,2024-04-noya::H-23,,,,,,,,,patch/ contains only H-08.diff,unchanged,1.1
2026-09-30T11:08:40,2024-05-arbitrum-foundation::H-01,"The rollup's stake-token balance must be at least the sum of stakes that honest stakers can withdraw, including after requiredStake is lowered.",2,,logic-error,multi-function,,high,,inactive-staker definition lets attacker withdraw after a cheaper child is created,,1.1
2026-09-30T11:23:15,2024-05-loop::H-01,"lpETH must be obtainable only by tokens locked before loopActivation, with claimedAmount equal to the ETH obtained from the user's own locked position.",3,"Loop 2024-05 audit README, 'Main invariants' section (quoted in write-up): 'Deposits are active up to the lpETH contract and lpETHVault contract are set'",logic-error,function,,low,,claimedAmount = address(this).balance lets donations ride along; level 2 also writable; second scenario breaks the 1:1 invariant also quoted,,1.1
2026-09-30T11:37:56,2024-05-munchables::H-01,A user's unlockTime for a locked token must not be extended by a lock made by another account.,2,,access-control,function,,low,B4,lockOnBehalf resets recipient unlockTime; sponsor restricted to MigrationManager,,1.1
2026-09-30T22:48:36,2024-05-munchables::H-02,setLockDuration must never set a lock's unlockTime earlier than its current unlockTime.,1,,logic-error,expression,,high,,step3: the guard compares block.timestamp + _duration against unlockTime while the next statement sets unlockTime = lastLockTime + _duration | ,,1.1
2026-09-30T23:01:45,2024-05-olas::H-01,pointsSum slope and bias must equal the sums of the live nominees' slopes and biases after a nominee is removed and its voters revoke.,1,,logic-error,function,,low,,"step3: removeNominee/revokeRemovedNomineeVotingPower adjust pointsSum.bias but not pointsSum.slope, whereas the sibling voteForNomineeWeights updates both together | level 2 (vote-weight accounting) also writable; warden notes mitigation partial",,1.1
2026-09-30T23:01:46,2024-05-olas::H-01,,,,,,,,,no H-01 diff in patch/ (H-02 only),unchanged,1.1
2026-09-30T23:14:30,2024-05-olas::H-02,Staking targets and incentives processed by GnosisTargetDispenserL2 must originate from the authorized L1 deposit processor.,2,,access-control,multi-function,,low,B4,onTokenBridged accepts data from any L1 sender,,1.1
2026-09-30T23:14:31,2024-05-olas::H-02,,,,,,,,,"H-02.diff sends tokens with empty payload and all data via AMB, touching L1 and L2 contracts; consistent with multi-function",unchanged,1.1
2026-09-30T23:27:12,2024-06-size::H-01,"When credit is sold for a specified cash amount, the swap fee charged must equal the fee given by the documented formula for that cash amount (fee on the grossed-up amount).",3,"Size technical docs, 'Contracts > 2.3 Fees' (docs.size.credit/technical-docs/contracts/2.3-fees), Example 2, cited in write-up: swap fee for selling credit for 50 szaUSDC is 0.5 under the documented formula",logic-error,function,,low,,sponsor: incorrect implementation of documented formula; level 1 arguable since creditAmountIn on the adjacent line grosses up by PERCENT - swapFeePercent,,1.1
2026-09-30T23:27:13,2024-06-size::H-01,,,,,,,,,H-01.diff divides fees by PERCENT - swapFeePercent in both branches; strengthens the level-1 alternative but documented-formula reading stands,unchanged,1.1
2026-09-30T23:40:55,2024-06-size::H-02,A borrower's repay transaction must repay only a debt for which that borrower is the debtor at execution time.,2,,other,function,,low,,race with liquidateWithReplacement changes borrower under same debtPositionId; sponsor: practically low impact,,1.1
2026-09-30T23:40:56,2024-06-size::H-02,,,,,,,,,no H-02 diff in patch/,unchanged,1.1
2026-09-30T23:53:40,2024-06-size::H-03,"In a profitable liquidation, the protocol's share must be capped at the collateral in excess of crLiquidation x debt, so a borrower with a higher collateral ratio never loses more than one with a lower ratio.",2,,logic-error,expression,,low,B3,cap computed as debt*crLiquidation instead of debt*(crLiquidation-100%); sponsor says formula correctly specified in tech docs but write-up quotes none,,1.1
2026-09-30T23:53:41,2024-06-size::H-03,,,,,,,,,H-03.diff subtracts PERCENT in the cap expression; consistent,unchanged,1.1
2026-10-01T00:06:25,2024-06-size::H-04,The liquidator reward must be a percentage of the debt expressed in collateral-token units.,1,,logic-error,expression,,low,B3,"step3: Math.mulDivUp(debtPosition.futureValue, liquidationRewardPercent, PERCENT) uses the 6-decimal debt amount while the min() it sits in and the line above work in debtInCollateralToken (18-decimal) | decimal/unit mismatch",,1.1
2026-10-01T00:06:26,2024-06-size::H-04,,,,,,,,,H-04.diff replaces futureValue with debtInCollateralToken; exactly the coded expression,unchanged,1.1
2026-10-01T00:19:15,2024-06-thorchain::H-01,"A depositor's router/vault allowance for a whitelisted rebasing token must correspond to the token balance currently attributable to that deposit, so no depositor can withdraw another's tokens after a rebase.",2,,logic-error,none-proposed,,low,,"rebasing (AMPL) balances vs static allowances; warden says fix not trivial, only ideas; severity disputed",,1.1
2026-10-01T00:32:05,2024-06-thorchain::H-02,"A TransferOut event must name as recipient the address that actually received the funds, so a bounced ETH transfer is never reported as delivered.",3,"Thorchain 2024-06 audit README, main invariants (quoted in write-up): 'Only valid events emitted from the Router contract itself should result in the txInItem parameter being populated in the GetTxInItem function of the smartcontract_log_parser.'",logic-error,function,,low,,level 2 (vault accounting vs actual transfers) also writable,,1.1
2026-10-01T00:45:10,2024-06-vultisig::H-01,"Each ILO position owner must be able to collect the Uniswap fees accrued to their own liquidity, independent of other owners' claims.",2,,logic-error,function,,high,,collect(type(uint128).max) sweeps all positions' fees to first claimer and feeTaker,,1.1
2026-10-01T00:58:20,2024-06-vultisig::H-03,"An ILO project that has raised its capital must be launchable, regardless of third-party actions on the not-yet-launched Uniswap pool.",2,,other,multi-function,,low,,launch requires exact initial sqrtPrice; single-sided liquidity makes manipulation irreversible; write-up offers tentative design options only,,1.1
2026-10-01T01:11:05,2024-07-basin::H-01,A WellUpgradeable proxy must be upgradeable only by its owner.,1,,access-control,expression,,low,B4,step3: _authorizeUpgrade override lacks onlyOwner although the contract inherits OwnableUpgradeable for exactly this purpose | OpenZeppelin UUPS docs quoted (level 3 writable); sponsor: modifier mistakenly omitted,,1.1
2026-10-01T01:11:06,2024-07-basin::H-01,,,,,,,,,H-01.diff adds onlyOwner to _authorizeUpgrade,unchanged,1.1
2026-10-01T01:24:44,2024-07-basin::H-02,decodeWellData must default each token's decimals to 18 only when that token's own encoded decimals are 0.,1,,logic-error,expression,,low,B3,step3: second branch tests if (decimal0 == 0) before assigning decimal1 = 18; should test decimal1 | copy-paste error,,1.1
2026-10-01T01:24:45,2024-07-basin::H-02,,,,,,,,,H-02.diff changes decimal0 to decimal1 in the condition,unchanged,1.1
2026-10-01T01:37:30,2024-07-benddao::H-01,The yield amount recorded for each staked NFT must equal the yield-asset amount deposited on its behalf.,2,,logic-error,function,,high,,"deposit() return value is shares, not assets; per-NFT yield misattributed within one YieldAccount",,1.1
2026-10-01T01:37:31,2024-07-benddao::H-01,,,,,,,,,H-01.diff measures balance delta of eETH/stETH instead of decoding return value; consistent,unchanged,1.1
2026-10-01T01:50:18,2024-07-benddao::H-02,An isolate repayment must reduce only the scaled isolate borrow of the NFT's owner.,2,,missing-check,expression,,low,B4,onBehalf unchecked against NFT owner; isolateRedeem similar,,1.1
2026-10-01T01:50:19,2024-07-benddao::H-02,,,,,,,,,H-02.diff adds the owner == onBehalf require in validateIsolateRepayBasic,unchanged,1.1
2026-10-01T02:03:05,2024-07-benddao::H-03,"After an isolate-supplied NFT is released by liquidation, its token data must carry no lockerAddr, so it can later be deposited and withdrawn normally.",2,,logic-error,expression,,high,,owner and supplyMode reset but lockerAddr left set; erc721DecreaseIsolateSupply similar,,1.1
2026-10-01T02:03:06,2024-07-benddao::H-03,,,,,,,,,H-03.diff clears lockerAddr in both decrease functions (and also edits a bid-amount helper),unchanged,1.1
2026-10-01T02:16:22,2024-07-benddao::H-04,assetData.totalBidAmout must be decreased by exactly the bid amount escrowed for a loan when that loan's auction is liquidated.,1,,logic-error,multi-function,,low,B3,"step3: erc20TransferOutBidAmountToLiqudity(debtAssetData, vars.totalBorrowAmount) decrements totalBidAmout by the interest-growing borrow amount instead of the recorded bid | underflow locks liquidated NFT",,1.1
2026-10-01T02:16:23,2024-07-benddao::H-04,,,,,,,,,"no H-04.diff, but H-07.diff/H-03.diff already pass totalBidAmount to the helper - the same expression change",unchanged,1.1
2026-10-01T02:29:10,2024-07-benddao::H-06,Users who staked through YieldEthStakingEtherfi must be able to unstake whenever they request withdrawal.,2,,other,function,,high,,"YieldAccount lacks onERC721Received, so ether.fi's _safeMint of WithdrawRequestNFT reverts",,1.1
2026-10-01T02:29:11,2024-07-benddao::H-06,,,,,,,,,H-06.diff adds onERC721Received/onERC1155 hooks to YieldAccount,unchanged,1.1
2026-10-01T02:42:35,2024-07-benddao::H-07,"After an isolate auction ends, only the winning (last) bidder may liquidate and receive the collateral NFT.",2,,access-control,expression,,low,B4,msgSender never compared to loanData.lastBidder,,1.1
2026-10-01T02:42:36,2024-07-benddao::H-07,,,,,,,,,H-07.diff adds require(msgSender == lastBidder),unchanged,1.1
2026-10-01T02:55:40,2024-07-benddao::H-08,unstake/repay initiated by botAdmin must act on the position owner's yield account.,1,,logic-error,function,,high,,"step3: _unstake/_repay read yieldAccounts[msg.sender] although the same functions admit botAdmin as caller, so the bot's own (nonexistent) account is used | ",,1.1
2026-10-01T02:55:41,2024-07-benddao::H-08,,,,,,,,,no H-08 diff in patch/,unchanged,1.1
2026-10-01T03:08:15,2024-07-munchables::H-01,"After transferToUnoccupiedPlot, toilerState[tokenId].plotId must equal the plot the token now occupies.",2,,logic-error,expression,munchables-transferToUnoccupiedPlot-stale-toilerState,low,B8,plotOccupied updated but toilerState.plotId not; enables double occupancy,,1.1
2026-10-01T03:21:05,2024-07-munchables::H-02,A toiler must be marked dirty and stop earning whenever its plotId is not below the landlord's current number of plots.,1,,logic-error,expression,,high,,"step3: _farmPlots tests _getNumPlots(landlord) < _toiler.plotId, letting plotId == numPlots (incl. plot 0 with zero plots) stay valid, while sibling transferToUnoccupiedPlot treats plotId >= totalPlotsAvail as invalid | off-by-one",,1.1
2026-10-01T03:34:55,2024-07-munchables::H-03,schnibblesTotal must equal the base amount adjusted by finalBonus percent and must remain non-negative.,1,,logic-error,expression,,low,B3,"step3: uint256((int256(s) + int256(s) * finalBonus) / 100) applies the /100 to the base term as well, so a negative bonus yields a negative value cast to uint256 | operator grouping; overflow in next line blocks unstake",,1.1
2026-10-01T03:47:40,2024-07-munchables::H-04,_farmPlots must not revert for a staked toiler whenever the landlord's plot count drops because PRICE_PER_PLOT increased.,2,,logic-error,function,,low,B3,timestamp = lastUpdated older than lastToilDate -> underflow; judge cites a documented no-deadlock invariant but the write-up quotes none,,1.1
2026-10-01T04:00:25,2024-07-munchables::H-05,"A token moved by transferToUnoccupiedPlot to a valid plot must resume accruing rewards (dirty flag cleared, lastToilDate reset).",2,,logic-error,function,munchables-transferToUnoccupiedPlot-stale-toilerState,low,B8,"same function as H-01, different stale field",,1.1
2026-10-01T04:13:30,2024-07-traitforge::H-02,An initial owner's airdrop allocation must not be reduced by actions of a later holder of the token.,2,,other,function,,low,,"burn/nuke by buyer subtracts entropy from initialOwner; docs quoted in discussion support both readings, so no level 3",,1.1
2026-10-01T04:13:31,2024-07-traitforge::H-02,,,,,,,,,no H-02 diff in patch/ (H-03 only),unchanged,1.1
2026-10-01T04:26:45,2024-07-traitforge::H-03,"The developer share taken by NukeFund.receive and forgeWithListed must equal taxCut percent of the amount, for any taxCut the owner sets.",U,,logic-error,multi-function,,low,B3,"percent intent evidenced only by a code comment ('10%') and by warden discussion of docs, none quoted; wardens dispute that taxCut was meant as a percentage, so neither level 2 nor level 3 is supportable from the write-up",,1.1
2026-10-01T04:26:46,2024-07-traitforge::H-03,,,,,,,,,"H-03.diff switches to BPS arithmetic and bounds setTaxCut; the patch adopts the percent reading but adds no document, so U stands",unchanged,1.1
2026-10-01T04:39:10,2024-08-phi::H-01,A Phi claim signature must be valid only on the chain whose chainId it encodes.,1,,missing-check,function,,high,,"step3: PhiFactory.signatureClaim decodes (..., uint256 artId_,, bytes32 data_) and discards the signed chainId, whereas sibling Claimable.signatureClaim substitutes block.chainid | ",,1.1
2026-10-01T04:39:11,2024-08-phi::H-01,,,,,,,,,"H-01.diff repacks data with block.chainid before recovering signer, as in the sibling path",unchanged,1.1
2026-10-01T04:52:20,2024-08-phi::H-02,"A createArt signature must authorize only the CreateConfig (artist, receiver, parameters) and submitter it was issued for.",2,,missing-check,multi-function,,low,,front-run replay with attacker config; sponsor rejects proposed fix and plans nonce/creator/executor,,1.1
2026-10-01T04:52:21,2024-08-phi::H-02,,,,,,,,,H-02.diff signs config + msg.sender and blocks re-creation; multi-function as coded,unchanged,1.1
2026-10-01T05:05:05,2024-08-phi::H-03,Curator reward distribution for a cred must remain executable within the block gas limit regardless of how many addresses have ever held its shares.,2,,other,function,,high,,zero balances left in EnumerableMap; unbounded iteration DoS,,1.1
2026-10-01T05:05:06,2024-08-phi::H-03,,,,,,,,,H-03.diff removes the map entry when balance reaches zero,unchanged,1.1
2026-10-01T05:18:15,2024-08-phi::H-04,Updating an art's settings after its mint window has closed must not reopen minting unless the artist chooses to.,2,,logic-error,function,phi-updateArtSettings-unrestricted,low,B8,forced endTime >= block.timestamp; sponsor does not regard extra minting as a problem; U also writable,,1.1
2026-10-01T05:18:16,2024-08-phi::H-04,,,,,,,,,no H-04 diff in patch/,unchanged,1.1
2026-10-01T05:31:00,2024-08-phi::H-06,Cred data must not be overwritten and share trading must not be priced on a different curve during the creation of a cred.,2,,reentrancy,expression,,high,,refund in buyShareCred re-enters createCred before credIdCounter increments,,1.1
2026-10-01T05:31:01,2024-08-phi::H-06,,,,,,,,,H-06.diff adds nonReentrant to createCred,unchanged,1.1
2026-10-01T05:44:40,2024-08-phi::H-07,"Soulbound status, royalty rate and URI of an art must not be changeable to holders' detriment after tokens have been minted.",2,,other,function,phi-updateArtSettings-unrestricted,low,B8,holder-protection reading has no quoted document; U also writable,,1.1
2026-10-01T05:44:41,2024-08-phi::H-07,,,,,,,,,no H-07 diff in patch/,unchanged,1.1
2026-10-01T05:57:25,2024-08-wildcat::H-01,"The sum of amounts paid by withdrawal executions in a batch must not exceed batch.normalizedAmountPaid, including when the market is closed before the batch expires.",3,"Wildcat 2024-08 audit README, core invariants (quoted in write-up): 'The sum of all transfer amounts for withdrawal executions in a batch must be less than or equal to batch.normalizedAmountPaid'",logic-error,function,,low,,closed market lets a batch be executed before all requests join it; level 2 (conservation) also writable; write-up's fix is a stop-gap,,1.1
2026-10-01T05:57:26,2024-08-wildcat::H-01,,,,,,,,,"H-01.diff instead closes the pending batch on market close and only forbids executing the pending batch (two contracts); level unchanged, fix wider than write-up's",unchanged,1.1
2026-10-01T06:10:15,2024-12-secondswap::H-01,The amount a buyer of a listed vesting can claim at a given step must not depend on the order in which other vestings were listed.,2,,logic-error,function,,high,,manager inherits stepsClaimed from the first listing,,1.1
2026-10-01T06:23:05,2024-12-secondswap::H-02,"A buyer with no prior vesting must receive the stepsClaimed of the specific listing purchased, so purchased tokens unlock no earlier than they would have for the seller.",2,,logic-error,multi-function,secondswap-manager-single-stepsClaimed,low,B8,same root cause as H-01 (task 93: VestingManager keeps one stepsClaimed for all listings); H-01's first row was logged before the shared cause was noticed and is left unedited,,1.1
2026-10-01T06:36:20,2024-12-secondswap::H-03,"After part of a vesting is transferred, the grantor's releaseRate must allow claiming at most the grantor's remaining unclaimed amount over the remaining steps.",2,,logic-error,expression,,high,,releaseRate = totalAmount / numOfSteps ignores amountClaimed/stepsClaimed,,1.1
2026-10-01T06:49:10,2025-01-liquid-ron::H-01,"totalAssets() must exclude accrued operator fees, so share pricing is unaffected by when the operator withdraws its fee.",2,,logic-error,expression,,high,,"EIP-4626 mentioned by judge only, not quoted",,1.1
2026-10-01T06:49:11,2025-01-liquid-ron::H-01,,,,,,,,,H-01.diff subtracts operatorFeeAmount in totalAssets(),unchanged,1.1
2026-10-01T07:02:35,2025-01-next-generation::H-01,"A forwarded-request signature must be valid only on the chain and Forwarder it was signed for, and only until a signed deadline.",2,,missing-check,function,,low,,two properties (domainSeparator caller-supplied; no deadline); judge cites project docs on multi-chain deployment but write-up quotes none,,1.1
2026-10-01T07:15:20,2025-02-thorwallet::H-01,"Total TITN claimable through MergeTgt must not exceed the TITN deposited for the merge, i.e. accepted TGT must not exceed TGT_TO_EXCHANGE.",2,,missing-check,function,,low,B3,also underflow in withdrawRemainingTitn,,1.1
2026-10-01T07:28:45,2025-04-forte::H-01,"The exponent of sqrt(a) in the Uint512 branch must be half of a's exponent, adjusted by exactly the digits trimmed from the mantissa.",1,,logic-error,expression,,low,B3,"step3: rExp is incremented for a trimmed digit and then halved (rExp = rExp / 2), whereas the sibling non-Uint512 branch halves first and then adjusts | order-of-operations off-by-one in exponent",,1.1
2026-10-01T07:28:46,2025-04-forte::H-01,,,,,,,,,"H-01.diff moves the halving before the trim, as coded",unchanged,1.1
2026-10-01T07:41:30,2025-04-forte::H-02,sqrt(0) must return 0 to its caller rather than terminating the calling transaction.,1,,logic-error,expression,,high,,"step3: inside sqrt's assembly, `if iszero(a) { stop() }` halts the entire call frame although the function is declared to return packedFloat r | ",,1.1
2026-10-01T07:41:31,2025-04-forte::H-02,,,,,,,,,H-02.diff returns wrap(0) for zero input and removes stop(),unchanged,1.1
2026-10-01T07:54:15,2025-04-forte::H-03,ln(x) must revert whenever x is zero or negative.,U,,missing-check,function,,low,,"mathematical-domain property; not economic, and the library documentation quoted only lists ln as an operation, so no level-3 source; sqrt's sign check is not cited by the write-up as a sibling",,1.1
2026-10-01T07:54:16,2025-04-forte::H-03,,,,,,,,,H-03.diff adds zero and sign-bit reverts to ln; no new document,unchanged,1.1
2026-10-01T08:07:05,2025-04-forte::H-04,"eq(a, b) must return true whenever a and b encode the same numeric value, whether either uses the M or L mantissa format.",1,,logic-error,function,,low,,"step3: eq compares packedFloat.unwrap(a) == packedFloat.unwrap(b) bitwise, although the library's own L_MANTISSA_FLAG encoding gives one value two bit patterns | write-up's 'docs' are the library's header comment; gate relies on the encoding constants, not the comment",,1.1
2026-10-01T08:07:06,2025-04-forte::H-04,,,,,,,,,patch/ has no H-04 diff,unchanged,1.1
2026-10-01T08:20:20,2025-04-forte::H-05,toPackedFloat must not discard significant mantissa digits whenever the mantissa has more than MAX_DIGITS_M digits and fits the L format.,U,,logic-error,expression,,low,B3,"precision-priority claim is asserted, not quoted from a document; numeric-library property, not economic; sponsor acknowledged only",,1.1
2026-10-01T08:20:21,2025-04-forte::H-05,,,,,,,,,patch/ has no H-05 diff,unchanged,1.1
2026-10-01T08:33:10,2025-04-virtuals::H-01,"Validators for a virtualId must be added only by an authorized role, and each validator must appear at most once in that virtualId's validator list.",1,,access-control,expression,,low,B4,"step3: addValidator is public with no role check, whereas the sibling mint() that also adds validators is gated by onlyRole(MINTER_ROLE) | duplicate validators overstate validatorPoolRewards; sponsor marked informative",,1.1
2026-10-01T08:33:11,2025-04-virtuals::H-01,,,,,,,,,H-01.diff adds onlyRole(VALIDATOR_ADMIN_ROLE) to addValidator,unchanged,1.1
2026-10-01T08:46:00,2025-04-virtuals::H-03,"Service NFT impacts must change only through the governance-driven service mint, not through arbitrary external calls.",3,"Virtuals whitepaper, 'Co-contribution and provenance > Modular consensus framework' (whitepaper.virtuals.io/...), quoted in write-up: 'State Finality in ICV: Accepted contributions are minted as service NFTs on-chain and assigned to the appropriate Virtual address within the ICV'",access-control,expression,,low,B4,public updateImpact recomputes impacts with current datasetImpactWeight; sponsor marked informative,,1.1
2026-10-01T08:46:01,2025-04-virtuals::H-03,,,,,,,,,H-03.diff makes updateImpact internal,unchanged,1.1
2026-10-01T08:59:15,2025-04-virtuals::H-04,"Contribution NFTs must be minted only through the protocol's contribution process, with core, model and dataset fields not chosen freely by the proposer.",3,"Virtuals whitepaper, 'Modular consensus framework' (whitepaper.virtuals.io/...), quoted in write-up: 'Contributors submit their proposals through our frontend, utilizing the modular consensus framework. Each proposal generates a contribution NFT regardless of acceptance'",access-control,expression,,low,B4,write-up itself says intent is 'assumed from the docs'; level 2 (reward/mint amounts) also writable; sponsor marked informative,,1.1
2026-10-01T08:59:16,2025-04-virtuals::H-04,,,,,,,,,no H-04 diff in patch/,unchanged,1.1
2026-10-01T09:12:05,2025-04-virtuals::H-05,"A validator's score, and hence reward share, must reflect only proposals on which that validator actually voted.",2,,logic-error,expression,,low,,base score initialised to totalProposals; sponsor marked informative,,1.1
2026-10-01T09:12:06,2025-04-virtuals::H-05,,,,,,,,,"no H-05 diff in patch/ (H-01, H-03 only)",unchanged,1.1
2026-10-01T09:25:20,2025-05-blackhole::H-02,Reward tokens held by GaugeFactoryCL must be spent seeding farms only for gauges created by authorized callers.,2,,access-control,expression,,low,B4,public createGauge pulls 1e10 reward per call,,1.1
2026-10-01T09:25:21,2025-05-blackhole::H-02,,,,,,,,,H-02.diff adds onlyAllowed to createGauge,unchanged,1.1
2026-10-01T09:38:10,2025-06-panoptic::H-01,Each pool's token1 exposure in NAV must count short premium as an asset and long premium as a liability.,1,,logic-error,expression,,low,B5,"step3: poolExposure1 = longPremium.leftSlot() - shortPremium.leftSlot(), reversed relative to the sibling poolExposure0 = short - long two lines above | NAV valuation",,1.1
2026-10-01T09:38:11,2025-06-panoptic::H-01,,,,,,,,,H-01.diff swaps the operands,unchanged,1.1
2026-10-01T09:51:00,2025-06-panoptic::H-02,"computeNAV must report the same NAV for economically identical vault positions, with the zero floor applied once to aggregate exposure including the underlying balance.",2,,logic-error,function,,low,B5,"per-pool max(...,0) applied before adding underlying balance",,1.1
2026-10-01T09:51:01,2025-06-panoptic::H-02,,,,,,,,,H-02.diff accumulates totalExposure and floors once after the loop,unchanged,1.1
2026-10-01T10:04:15,2025-10-sequence::H-01,"A chained signature for a wallet must be validated against the checkpointer's snapshot, so a signer evicted in a newer configuration cannot authorize operations.",2,,missing-check,expression,,low,,checkpointer flag unset on the outer chained signature leaves snapshot zeroed; authorization-integrity property rather than strictly economic,,1.1
2026-10-01T10:17:25,2025-10-sequence::H-02,"Session call signatures must authorize only the complete multi-call payload they were produced for, not any subset of its calls.",2,,missing-check,function,,high,,per-call hash lacks binding to whole payload; replay after revert or front-run subset,,1.1
2026-10-01T10:30:10,2026-01-tempo-feeamm::H-01,"A liquidity burn must pay out no more than the burner's pro-rata share of reserves, including under reentrant calls from token transfer callbacks.",2,,reentrancy,function,,low,,transfers before state updates; write-up itself concedes practical drainage needs pre-0.8 arithmetic,,1.1
2026-10-01T10:30:11,2026-01-tempo-feeamm::H-01,,,,,,,,,patch/ holds FeeAMM.sol and hints but no H-01.diff to compare,unchanged,1.1
2026-10-01T10:43:05,2026-01-tempo-mpp-streams::H-03,A voucher must settle or close a channel only with a valid signature from a non-zero authorized signer.,2,,missing-check,multi-function,,low,,authorizedSigner may be address(0) and recovered signer is not zero-checked; requires channel opened with zero signer,,1.1
2026-10-01T10:43:06,2026-01-tempo-mpp-streams::H-03,,,,,,,,,"H-03.diff adds zero checks in openChannel, settle and close",unchanged,1.1
2026-10-01T10:56:15,2026-01-tempo-stablecoin-dex::H-02,An order must be cancellable only by its maker.,2,,access-control,expression,,low,B4,,,1.1
2026-10-01T10:56:16,2026-01-tempo-stablecoin-dex::H-02,,,,,,,,,no H-02.diff in patch/ (StablecoinDEX.sol and hints only),unchanged,1.1
2026-10-01T11:09:23,2026-01-tempo-stablecoin-dex::H-04,A withdrawal must never exceed the withdrawer's recorded balance.,1,,missing-check,function,,low,B3,"step3: balances[user][token] -= amount sits in an unchecked block with no prior balance check, while the adjacent totalDeposits[token] -= amount is checked | underflow mints near-max balance",,1.1
2026-10-01T11:09:24,2026-01-tempo-stablecoin-dex::H-04,,,,,,,,,no H-04.diff in patch/,unchanged,1.1
