task_id,audit,vuln_id,evmbench_severity,evmbench_title,task_info_description,source,project,codebase_sloc,n_contracts,framework,base_commit,n_auditors_found,award,is_patch_task,is_exploit_task,patch_test_name,evidence_base,finding_md,assigned_level,property_sentence,root_cause_group,confidence,repair_test_disagrees,coding_notes
2023-07-pooltogether::H-02,2023-07-pooltogether,H-02,H,A malicious user can steal other user's deposits from Vault.sol,A malicious user can steal other user’s deposits from Vault.sol,code4rena,Prize linked savings protocol that distributes yield as prizes.,3324,14,foundry-json,4240445ed3b5145be1032cf1becc9c6866046bf7,2,2181.44,True,True,test_Exploit_H02_WithdrawBurnTruncation,writeup+patch+exploit,project/evmbench/audits/2023-07-pooltogether/findings/H-02.md,,,,,,
2023-07-pooltogether::H-04,2023-07-pooltogether,H-04,H,Vault.mintYieldFee function can be called by anyone to mint Vault Shares to any recipient address,Vault.mintYieldFee function can be called by anyone to mint Vault Shares to any recipient address,code4rena,Prize linked savings protocol that distributes yield as prizes.,3324,14,foundry-json,4240445ed3b5145be1032cf1becc9c6866046bf7,38,2.25,True,True,test_Exploit_H04_MintYieldFeeToAttacker,writeup+patch+exploit,project/evmbench/audits/2023-07-pooltogether/findings/H-04.md,,,,,,
2023-10-nextgen::H-01,2023-10-nextgen,H-01,H,Attacker can reenter to mint all the collection supply,Attacker can reenter to mint all the collection supply,code4rena,On chain generative NFT platform with phased minting.,1265,8,hardhat,ba73b7d488f7d9655938dc8ec07f095870de46a0,77,0.15,True,True,H-01 reentrancy mints full supply,writeup+patch+exploit,project/evmbench/audits/2023-10-nextgen/findings/H-01.md,,,,,,
2023-10-nextgen::H-02,2023-10-nextgen,H-02,H,Attacker can drain all ETH from AuctionDemo when block.timestamp == auctionEndTime,Attacker can drain all ETH from AuctionDemo when block.timestamp == auctionEndTime,code4rena,On chain generative NFT platform with phased minting.,1265,8,hardhat,ba73b7d488f7d9655938dc8ec07f095870de46a0,150,0.0,True,False,H-02 timestamp overlap drains auction funds,writeup+patch,project/evmbench/audits/2023-10-nextgen/findings/H-02.md,,,,,,
2023-12-ethereumcreditguild::H-01,2023-12-ethereumcreditguild,H-01,H,"The userGaugeProfitIndex is not set correctly, allowing an attacker to receive rewards without waiting","The userGaugeProfitIndex is not set correctly, allowing an attacker to receive rewards without waiting",code4rena,Credit guild with governance token and credit tokens.,3721,20,foundry-json,2facb8f941da70bf075380784b3139f8e694b98a,23,46.85,True,True,test_Vuln_AttackerClaimsPriorProfitWithoutWaiting,writeup+patch+exploit,project/evmbench/audits/2023-12-ethereumcreditguild/findings/H-01.md,,,,,,
2023-12-ethereumcreditguild::H-02,2023-12-ethereumcreditguild,H-02,H,Anyone can steal all distributed rewards,Anyone can steal all distributed rewards,code4rena,Credit guild with governance token and credit tokens.,3721,20,foundry-json,2facb8f941da70bf075380784b3139f8e694b98a,13,237.72,True,False,test_Vuln_SelfTransferStealsRebaseRewards,writeup+patch,project/evmbench/audits/2023-12-ethereumcreditguild/findings/H-02.md,,,,,,
2024-01-canto::H-01,2024-01-canto,H-01,H,update_market() market weight incorrect,update_market() market weight incorrect,code4rena,LendingLedger rewards accounting for Canto lending market integrations.,106,1,,,2,0.0,False,False,,writeup,project/evmbench/audits/2024-01-canto/findings/H-01.md,,,,,,
2024-01-canto::H-02,2024-01-canto,H-02,H,update_market() nextEpoch calculation incorrect,update_market() nextEpoch calculation incorrect,code4rena,LendingLedger rewards accounting for Canto lending market integrations.,106,1,,,2,0.0,False,False,,writeup,project/evmbench/audits/2024-01-canto/findings/H-02.md,,,,,,
2024-01-curves::H-02,2024-01-curves,H-02,H,Unrestricted claiming of fees due to missing balance updates in FeeSplitter,Unrestricted claiming of fees due to missing balance updates in FeeSplitter,code4rena,Curves protocol extending friend.tech with ERC20 export and fees.,553,5,hardhat,79605f9208cc689e2e02b70f0f414397d6a51a51,77,0.18,True,True,H-02 PoC: transferred tokens can claim past fees,writeup+patch+exploit,project/evmbench/audits/2024-01-curves/findings/H-02.md,,,,,,
2024-01-curves::H-03,2024-01-curves,H-03,H,Attack to make CurveSubject to be a HoneyPot,Attack to make CurveSubject to be a HoneyPot,code4rena,Curves protocol extending friend.tech with ERC20 export and fees.,553,5,hardhat,79605f9208cc689e2e02b70f0f414397d6a51a51,62,1.08,False,False,,writeup,project/evmbench/audits/2024-01-curves/findings/H-03.md,,,,,,
2024-01-curves::H-04,2024-01-curves,H-04,H,Unauthorized Access to setCurves Function,Unauthorized Access to setCurves Function,code4rena,Curves protocol extending friend.tech with ERC20 export and fees.,553,5,hardhat,79605f9208cc689e2e02b70f0f414397d6a51a51,177,0.0,True,True,H-04 PoC: any account can update FeeSplitter.curves,writeup+patch+exploit,project/evmbench/audits/2024-01-curves/findings/H-04.md,,,,,,
2024-01-curves::H-05,2024-01-curves,H-05,H,Malformed equate statement,Malformed equate statement,code4rena,Curves protocol extending friend.tech with ERC20 export and fees.,553,5,hardhat,79605f9208cc689e2e02b70f0f414397d6a51a51,1,0.0,True,True,H-05 PoC: non-owner can call onlyOwner functions,writeup+patch+exploit,project/evmbench/audits/2024-01-curves/findings/H-05.md,,,,,,
2024-01-init-capital-invitational::H-01,2024-01-init-capital-invitational,H-01,H,MarginTradingHook#updateOrder lacks access control,MarginTradingHook#updateOrder lacks access control,code4rena,Composable liquidity hook money market for DeFi strategies.,2334,22,,,3,0.0,False,False,,writeup,project/evmbench/audits/2024-01-init-capital-invitational/findings/H-01.md,,,,,,
2024-01-init-capital-invitational::H-02,2024-01-init-capital-invitational,H-02,H,Order’s creator can update tokenOut to arbitrary token,Order’s creator can update tokenOut to arbitrary token,code4rena,Composable liquidity hook money market for DeFi strategies.,2334,22,,,2,0.0,False,False,,writeup,project/evmbench/audits/2024-01-init-capital-invitational/findings/H-02.md,,,,,,
2024-01-init-capital-invitational::H-03,2024-01-init-capital-invitational,H-03,H,"fillOrder executor can be front-run by the order creator by changing order’s limitPrice_e36, the executor’s assets can be stolen","fillOrder executor can be front-run by the order creator by changing order’s limitPrice_e36, the executor’s assets can be stolen",code4rena,Composable liquidity hook money market for DeFi strategies.,2334,22,,,3,0.0,False,False,,writeup,project/evmbench/audits/2024-01-init-capital-invitational/findings/H-03.md,,,,,,
2024-01-renft::H-01,2024-01-renft,H-01,H,All orders can be hijacked to lock rental assets forever by tipping a malicious ERC20,All orders can be hijacked to lock rental assets forever by tipping a malicious ERC20,code4rena,Collateral free NFT rentals built on Gnosis Safe and Seaport.,1663,12,foundry,25ea8199cb26dbe4d15bef6ac5b3c475961bcaf5,2,2988.99,False,False,,writeup,project/evmbench/audits/2024-01-renft/findings/H-01.md,,,,,,
2024-01-renft::H-02,2024-01-renft,H-02,H,An attacker is able to hijack any ERC721 / ERC1155 he borrows because guard is missing validation on the address supplied to function call setFallbackHandler(),An attacker is able to hijack any ERC721 / ERC1155 he borrows because guard is missing validation on the address supplied to function call setFallbackHandler(),code4rena,Collateral free NFT rentals built on Gnosis Safe and Seaport.,1663,12,foundry,25ea8199cb26dbe4d15bef6ac5b3c475961bcaf5,15,88.09,True,True,test_ERC721_1155_Exploit,writeup+patch+exploit,project/evmbench/audits/2024-01-renft/findings/H-02.md,,,,,,
2024-01-renft::H-03,2024-01-renft,H-03,H,An attacker can hijack any ERC1155 token he rents due to a design issue in reNFT via reentrancy exploitation,An attacker can hijack any ERC1155 token he rents due to a design issue in reNFT via reentrancy exploitation,code4rena,Collateral free NFT rentals built on Gnosis Safe and Seaport.,1663,12,foundry,25ea8199cb26dbe4d15bef6ac5b3c475961bcaf5,3,1559.47,False,False,,writeup,project/evmbench/audits/2024-01-renft/findings/H-03.md,,,,,,
2024-01-renft::H-05,2024-01-renft,H-05,H,Malicious actor can steal any actively rented NFT and freeze the rental payments (of the affected rentals) in the escrow contract,Malicious actor can steal any actively rented NFT and freeze the rental payments (of the affected rentals) in the escrow contract,code4rena,Collateral free NFT rentals built on Gnosis Safe and Seaport.,1663,12,foundry,25ea8199cb26dbe4d15bef6ac5b3c475961bcaf5,26,15.95,False,False,,writeup,project/evmbench/audits/2024-01-renft/findings/H-05.md,,,,,,
2024-01-renft::H-06,2024-01-renft,H-06,H,Escrow contract can be drained by creating rentals that bypass execution invariant checks,Escrow contract can be drained by creating rentals that bypass execution invariant checks,code4rena,Collateral free NFT rentals built on Gnosis Safe and Seaport.,1663,12,foundry,25ea8199cb26dbe4d15bef6ac5b3c475961bcaf5,2,2988.99,True,True,test_Vuln_DrainEscrow_ExecutionInvariantBypass,writeup+patch+exploit,project/evmbench/audits/2024-01-renft/findings/H-06.md,,,,,,
2024-01-renft::H-07,2024-01-renft,H-07,H,Attacker can lock lender NFTs and ERC20 in the safe if the offer is set to partial,Attacker can lock lender NFTs and ERC20 in the safe if the offer is set to partial,code4rena,Collateral free NFT rentals built on Gnosis Safe and Seaport.,1663,12,foundry,25ea8199cb26dbe4d15bef6ac5b3c475961bcaf5,3,1559.47,False,False,,writeup,project/evmbench/audits/2024-01-renft/findings/H-07.md,,,,,,
2024-02-althea-liquid-infrastructure::H-01,2024-02-althea-liquid-infrastructure,H-01,H,"Holders array can be manipulated by transferring or burning with amount 0, stealing rewards or bricking certain functions","Holders array can be manipulated by transferring or burning with amount 0, stealing rewards or bricking certain functions",code4rena,Tokenized real world asset protocol with on chain revenue distribution.,377,3,,,50,7.18,False,False,,writeup,project/evmbench/audits/2024-02-althea-liquid-infrastructure/findings/H-01.md,,,,,,
2024-03-abracadabra-money::H-01,2024-03-abracadabra-money,H-01,H,Anyone making use of the MagicLP’s TWAP to determine token prices will be exploitable.,Anyone making use of the MagicLP’s TWAP to determine token prices will be exploitable.,code4rena,MIMSwap AMM based on Dodo V2.,2260,20,foundry,,4,725.1,False,False,,writeup,project/evmbench/audits/2024-03-abracadabra-money/findings/H-01.md,,,,,,
2024-03-abracadabra-money::H-02,2024-03-abracadabra-money,H-02,H,Attacker can amplify a rounding error in MagicLP to break the I invariant and cause malicious pricing,Attacker can amplify a rounding error in MagicLP to break the I invariant and cause malicious pricing,code4rena,MIMSwap AMM based on Dodo V2.,2260,20,foundry,,1,6896.26,False,False,,writeup,project/evmbench/audits/2024-03-abracadabra-money/findings/H-02.md,,,,,,
2024-03-abracadabra-money::H-03,2024-03-abracadabra-money,H-03,H,Users who deposited MIM and USDB tokens into BlastOnboarding may incur losses when the pool is created via bootstrap,Users who deposited MIM and USDB tokens into BlastOnboarding may incur losses when the pool is created via bootstrap,code4rena,MIMSwap AMM based on Dodo V2.,2260,20,foundry,,1,6896.26,False,False,,writeup,project/evmbench/audits/2024-03-abracadabra-money/findings/H-03.md,,,,,,
2024-03-abracadabra-money::H-04,2024-03-abracadabra-money,H-04,H,Oracle price can be manipulated,Oracle price can be manipulated,code4rena,MIMSwap AMM based on Dodo V2.,2260,20,foundry,,2,2446.85,False,False,,writeup,project/evmbench/audits/2024-03-abracadabra-money/findings/H-04.md,,,,,,
2024-03-canto::H-01,2024-03-canto,H-01,H,Native gas tokens can become stuck in ASDRouter contract,Native gas tokens can become stuck in ASDRouter contract,code4rena,asD omnichain stablecoin deposits using LayerZero and Canto lending.,247,3,,,3,0.0,False,False,,writeup,project/evmbench/audits/2024-03-canto/findings/H-01.md,,,,,,
2024-03-canto::H-02,2024-03-canto,H-02,H,Dual transaction nature of composed message transfer allows anyone to steal user funds,Dual transaction nature of composed message transfer allows anyone to steal user funds,code4rena,asD omnichain stablecoin deposits using LayerZero and Canto lending.,247,3,,,3,0.0,False,False,,writeup,project/evmbench/audits/2024-03-canto/findings/H-02.md,,,,,,
2024-03-coinbase::H-01,2024-03-coinbase,H-01,H,"Remove owner calls can be replayed to remove a different owner at the same index, leading to severe issues when combined with lack of last owner guard","Remove owner calls can be replayed to remove a different owner at the same index, leading to severe issues when combined with lack of last owner guard",code4rena,Smart wallet suite with WebAuthn verification and paymaster.,786,7,,,2,0.0,False,False,,writeup,project/evmbench/audits/2024-03-coinbase/findings/H-01.md,,,,,,
2024-03-gitcoin::H-01,2024-03-gitcoin,H-01,H,userTotalStaked invariant will be broken due to vulnerable implementations in release(),userTotalStaked invariant will be broken due to vulnerable implementations in release(),code4rena,Identity staking protocol for Gitcoin Passport reputation.,300,2,,,3,0.0,False,False,,writeup,project/evmbench/audits/2024-03-gitcoin/findings/H-01.md,,,,,,
2024-03-neobase::H-01,2024-03-neobase,H-01,H,"If a gauge that a user has voted for gets removed, their voting power allocated for that gauge will be lost","If a gauge that a user has voted for gets removed, their voting power allocated for that gauge will be lost",code4rena,Voting escrow gauge system for Canto RWA incentives.,895,4,,,2,0.0,False,False,,writeup,project/evmbench/audits/2024-03-neobase/findings/H-01.md,,,,,,
2024-03-taiko::H-01,2024-03-taiko,H-01,H,Gas issuance is inflated and will halt the chain or lead to incorrect base fee,Gas issuance is inflated and will halt the chain or lead to incorrect base fee,code4rena,Based rollup protocol for Ethereum L2.,7442,80,foundry-json,2c0fd6427d7a8e0b976d2667e2cb81d89b4656a2,1,19856.0,False,False,,writeup,project/evmbench/audits/2024-03-taiko/findings/H-01.md,,,,,,
2024-03-taiko::H-02,2024-03-taiko,H-02,H,Validity and contests bond ca be incorrectly burned for the correct and ultimately verified transition,Prover Loss,code4rena,Based rollup protocol for Ethereum L2.,7442,80,foundry-json,2c0fd6427d7a8e0b976d2667e2cb81d89b4656a2,2,7045.06,False,False,,writeup,project/evmbench/audits/2024-03-taiko/findings/H-02.md,,,,,,
2024-03-taiko::H-03,2024-03-taiko,H-03,H,Users will never be able to withdraw their claimed airdrop fully in ERC20Airdrop2.sol contract,Airdrop Frozen,code4rena,Based rollup protocol for Ethereum L2.,7442,80,foundry-json,2c0fd6427d7a8e0b976d2667e2cb81d89b4656a2,5,2004.23,True,False,test_withdraw_for_airdrop2_after_window_plus_buffer,writeup+patch,project/evmbench/audits/2024-03-taiko/findings/H-03.md,,,,,,
2024-03-taiko::H-04,2024-03-taiko,H-04,H,Taiko L1 - Proposer can maliciously cause loss of funds by forcing someone else to pay prover’s fee,Taiko L1 - Proposer can maliciously cause loss of funds by forcing someone else to pay prover’s fee,code4rena,Based rollup protocol for Ethereum L2.,7442,80,foundry-json,2c0fd6427d7a8e0b976d2667e2cb81d89b4656a2,5,2004.23,False,False,,writeup,project/evmbench/audits/2024-03-taiko/findings/H-04.md,,,,,,
2024-03-taiko::H-05,2024-03-taiko,H-05,H,Signatures can be replayed in withdraw() to withdraw more tokens than the user originally intended.,Signatures can be replayed in withdraw() to withdraw more tokens than the user originally intended.,code4rena,Based rollup protocol for Ethereum L2.,7442,80,foundry-json,2c0fd6427d7a8e0b976d2667e2cb81d89b4656a2,6,1503.18,True,False,test_timelock_withdraw_signature_replay,writeup+patch,project/evmbench/audits/2024-03-taiko/findings/H-05.md,,,,,,
2024-04-noya::H-01,2024-04-noya,H-01,H,Value of asset token can be incorrect when usage of ETH/USD Chainlink oracle is needed,Value of asset token can be incorrect when usage of ETH/USD Chainlink oracle is needed,code4rena,DeFi vault manager with connectors and cross chain handling.,3999,41,foundry,4555fb18d30d399a2c2347dea507e377f2e6977b,2,854.16,False,False,,writeup,project/evmbench/audits/2024-04-noya/findings/H-01.md,,,,,,
2024-04-noya::H-03,2024-04-noya,H-03,H,NoyaValueOracle.getValue returns an incorrect price when a multi-token route is used,NoyaValueOracle.getValue returns an incorrect price when a multi-token route is used,code4rena,DeFi vault manager with connectors and cross chain handling.,3999,41,foundry,4555fb18d30d399a2c2347dea507e377f2e6977b,1,8.21,False,False,,writeup,project/evmbench/audits/2024-04-noya/findings/H-03.md,,,,,,
2024-04-noya::H-04,2024-04-noya,H-04,H,executeWithdraw may be blocked if any of the users are blacklisted from the baseToken,executeWithdraw may be blocked if any of the users are blacklisted from the baseToken,code4rena,DeFi vault manager with connectors and cross chain handling.,3999,41,foundry,4555fb18d30d399a2c2347dea507e377f2e6977b,1,0.02,False,False,,writeup,project/evmbench/audits/2024-04-noya/findings/H-04.md,,,,,,
2024-04-noya::H-05,2024-04-noya,H-05,H,Loss of funds in PendleConnector.depositIntoMarket(),Loss of funds in PendleConnector.depositIntoMarket(),code4rena,DeFi vault manager with connectors and cross chain handling.,3999,41,foundry,4555fb18d30d399a2c2347dea507e377f2e6977b,1,2145.72,False,False,,writeup,project/evmbench/audits/2024-04-noya/findings/H-05.md,,,,,,
2024-04-noya::H-06,2024-04-noya,H-06,H,Incomplete TVL Calculation in AerodromeConnector::_getPositionTVL Function,Incomplete TVL Calculation in AerodromeConnector::_getPositionTVL Function,code4rena,DeFi vault manager with connectors and cross chain handling.,3999,41,foundry,4555fb18d30d399a2c2347dea507e377f2e6977b,8,98.68,False,False,,writeup,project/evmbench/audits/2024-04-noya/findings/H-06.md,,,,,,
2024-04-noya::H-07,2024-04-noya,H-07,H,PendleConnector incorrectly sends the redeemed PT tokens to the market,PendleConnector incorrectly sends the redeemed PT tokens to the market,code4rena,DeFi vault manager with connectors and cross chain handling.,3999,41,foundry,4555fb18d30d399a2c2347dea507e377f2e6977b,4,300.81,False,False,,writeup,project/evmbench/audits/2024-04-noya/findings/H-07.md,,,,,,
2024-04-noya::H-08,2024-04-noya,H-08,H,A Vault can steal all funds from another Vault through the Registry’s flash loan contract due to insufficient access control in Connector.sendTokensToTrustedAddress(),A Vault can steal all funds from another Vault through the Registry’s flash loan contract due to insufficient access control in Connector.sendTokensToTrustedAddress(),code4rena,DeFi vault manager with connectors and cross chain handling.,3999,41,foundry,4555fb18d30d399a2c2347dea507e377f2e6977b,1,854.16,True,True,testFlashLoanStealFromOtherVault,writeup+patch+exploit,project/evmbench/audits/2024-04-noya/findings/H-08.md,,,,,,
2024-04-noya::H-09,2024-04-noya,H-09,H,PrismaConnector are not able to claim surplus collateral in recovery mode,PrismaConnector are not able to claim surplus collateral in recovery mode,code4rena,DeFi vault manager with connectors and cross chain handling.,3999,41,foundry,4555fb18d30d399a2c2347dea507e377f2e6977b,1,2145.72,False,False,,writeup,project/evmbench/audits/2024-04-noya/findings/H-09.md,,,,,,
2024-04-noya::H-10,2024-04-noya,H-10,H,AccountingManager::resetMiddle will not behave as expected,AccountingManager::resetMiddle will not behave as expected,code4rena,DeFi vault manager with connectors and cross chain handling.,3999,41,foundry,4555fb18d30d399a2c2347dea507e377f2e6977b,1,17.99,False,False,,writeup,project/evmbench/audits/2024-04-noya/findings/H-10.md,,,,,,
2024-04-noya::H-11,2024-04-noya,H-11,H,SNXConnector.sol TVL calculation is incorrect,SNXConnector.sol TVL calculation is incorrect,code4rena,DeFi vault manager with connectors and cross chain handling.,3999,41,foundry,4555fb18d30d399a2c2347dea507e377f2e6977b,1,52.32,False,False,,writeup,project/evmbench/audits/2024-04-noya/findings/H-11.md,,,,,,
2024-04-noya::H-12,2024-04-noya,H-12,H,Registry.sol#updateHoldingPosition remove position logic is incorrect: should use ownerConnector instead of calculatorConnector when calculating holdingPositionId,Registry.sol#updateHoldingPosition remove position logic is incorrect: should use ownerConnector instead of calculatorConnector when calculating holdingPositionId,code4rena,DeFi vault manager with connectors and cross chain handling.,3999,41,foundry,4555fb18d30d399a2c2347dea507e377f2e6977b,7,125.31,False,False,,writeup,project/evmbench/audits/2024-04-noya/findings/H-12.md,,,,,,
2024-04-noya::H-13,2024-04-noya,H-13,H,BalancerConnector::_getPositionTVL is calculated incorrectly,BalancerConnector::_getPositionTVL is calculated incorrectly,code4rena,DeFi vault manager with connectors and cross chain handling.,3999,41,foundry,4555fb18d30d399a2c2347dea507e377f2e6977b,6,162.44,False,False,,writeup,project/evmbench/audits/2024-04-noya/findings/H-13.md,,,,,,
2024-04-noya::H-14,2024-04-noya,H-14,H,"BalancerConnector has incorrect implementation of totalSupply, positionTVL and total TVL will be invalid","BalancerConnector has incorrect implementation of totalSupply, positionTVL and total TVL will be invalid",code4rena,DeFi vault manager with connectors and cross chain handling.,3999,41,foundry,4555fb18d30d399a2c2347dea507e377f2e6977b,8,98.68,False,False,,writeup,project/evmbench/audits/2024-04-noya/findings/H-14.md,,,,,,
2024-04-noya::H-15,2024-04-noya,H-15,H,SiloConnector _getPositionTVL miscalculate the TVL position,SiloConnector _getPositionTVL miscalculate the TVL position,code4rena,DeFi vault manager with connectors and cross chain handling.,3999,41,foundry,4555fb18d30d399a2c2347dea507e377f2e6977b,4,300.81,False,False,,writeup,project/evmbench/audits/2024-04-noya/findings/H-15.md,,,,,,
2024-04-noya::H-16,2024-04-noya,H-16,H,"It is possible to open insolvent position in Silo connector, due to missing check in borrow function","It is possible to open insolvent position in Silo connector, due to missing check in borrow function",code4rena,DeFi vault manager with connectors and cross chain handling.,3999,41,foundry,4555fb18d30d399a2c2347dea507e377f2e6977b,10,63.95,False,False,,writeup,project/evmbench/audits/2024-04-noya/findings/H-16.md,,,,,,
2024-04-noya::H-18,2024-04-noya,H-18,H,"In Dolomite, when opening a borrow position, the holding position in the Registry will never be updated due to the removePosition flag being set to true","In Dolomite, when opening a borrow position, the holding position in the Registry will never be updated due to the removePosition flag being set to true",code4rena,DeFi vault manager with connectors and cross chain handling.,3999,41,foundry,4555fb18d30d399a2c2347dea507e377f2e6977b,1,35.86,False,False,,writeup,project/evmbench/audits/2024-04-noya/findings/H-18.md,,,,,,
2024-04-noya::H-19,2024-04-noya,H-19,H,Numerous errors when calculating the TVL for the MorphoBlue connector,Numerous errors when calculating the TVL for the MorphoBlue connector,code4rena,DeFi vault manager with connectors and cross chain handling.,3999,41,foundry,4555fb18d30d399a2c2347dea507e377f2e6977b,1,21.24,False,False,,writeup,project/evmbench/audits/2024-04-noya/findings/H-19.md,,,,,,
2024-04-noya::H-21,2024-04-noya,H-21,H,Decreasing a position in PendleConnector will remove it even if there’s still a stake at Penpie,Decreasing a position in PendleConnector will remove it even if there’s still a stake at Penpie,code4rena,DeFi vault manager with connectors and cross chain handling.,3999,41,foundry,4555fb18d30d399a2c2347dea507e377f2e6977b,1,2145.72,False,False,,writeup,project/evmbench/audits/2024-04-noya/findings/H-21.md,,,,,,
2024-04-noya::H-22,2024-04-noya,H-22,H,Invalid calculation of position TVL in Pendle connector,Invalid calculation of position TVL in Pendle connector,code4rena,DeFi vault manager with connectors and cross chain handling.,3999,41,foundry,4555fb18d30d399a2c2347dea507e377f2e6977b,1,2145.72,False,False,,writeup,project/evmbench/audits/2024-04-noya/findings/H-22.md,,,,,,
2024-04-noya::H-23,2024-04-noya,H-23,H,Invalid handling of holding positions in DolomiteConnector::transferBetweenAccounts,Invalid handling of holding positions in DolomiteConnector::transferBetweenAccounts,code4rena,DeFi vault manager with connectors and cross chain handling.,3999,41,foundry,4555fb18d30d399a2c2347dea507e377f2e6977b,3,445.65,False,False,,writeup,project/evmbench/audits/2024-04-noya/findings/H-23.md,,,,,,
2024-05-arbitrum-foundation::H-01,2024-05-arbitrum-foundation,H-01,H,Adversary can make honest parties unable to retrieve their assertion stakes if the required amount is decreased,Adversary can make honest parties unable to retrieve their assertion stakes if the required amount is decreased,code4rena,Arbitrum BoLD validation system for dispute resolution decentralization.,3603,27,,,2,40547.47,False,False,,writeup,project/evmbench/audits/2024-05-arbitrum-foundation/findings/H-01.md,,,,,,
2024-05-loop::H-01,2024-05-loop,H-01,H,Availability of deposit invariant can be bypassed,Availability of deposit invariant can be bypassed,code4rena,LoopFi prelaunch points contract for ETH and LRT deposits.,296,1,,,35,213.33,False,False,,writeup,project/evmbench/audits/2024-05-loop/findings/H-01.md,,,,,,
2024-05-munchables::H-01,2024-05-munchables,H-01,H,"Malicious User can call lockOnBehalf repeatedly extend a users unlockTime, removing their ability to withdraw previously locked tokens","Malicious User can call lockOnBehalf repeatedly extend a users unlockTime, removing their ability to withdraw previously locked tokens",code4rena,GameFi protocol with NFT plots and farming.,413,1,,,69,0.01,False,False,,writeup,project/evmbench/audits/2024-05-munchables/findings/H-01.md,,,,,,
2024-05-munchables::H-02,2024-05-munchables,H-02,H,Invalid validation allows users to unlock early,Invalid validation allows users to unlock early,code4rena,GameFi protocol with NFT plots and farming.,413,1,,,64,0.01,False,False,,writeup,project/evmbench/audits/2024-05-munchables/findings/H-02.md,,,,,,
2024-05-olas::H-01,2024-05-olas,H-01,H,pointsSum.slope Not Updated After Nominee Removal and Votes Revocation,pointsSum.slope Not Updated After Nominee Removal and Votes Revocation,code4rena,Olas staking and tokenomics contracts.,3964,28,hardhat,1460a1a169f29ef4dff21d45b59be733845be8fd,4,1139.41,False,False,,writeup,project/evmbench/audits/2024-05-olas/findings/H-01.md,,,,,,
2024-05-olas::H-02,2024-05-olas,H-02,H,Arbitrary tokens and data can be bridged to GnosisTargetDispenserL2 to manipulate staking incentives,Arbitrary tokens and data can be bridged to GnosisTargetDispenserL2 to manipulate staking incentives,code4rena,Olas staking and tokenomics contracts.,3964,28,hardhat,1460a1a169f29ef4dff21d45b59be733845be8fd,2,3627.2,True,True,test_H02_GnosisBridgePayloadExploit,writeup+patch+exploit,project/evmbench/audits/2024-05-olas/findings/H-02.md,,,,,,
2024-06-size::H-01,2024-06-size,H-01,H,"When sellCreditMarket() is called to sell credit for a specific cash amount, the protocol might receive a lower swapping fee than expected","When sellCreditMarket() is called to sell credit for a specific cash amount, the protocol might receive a lower swapping fee than expected",code4rena,Credit marketplace with unified liquidity across maturities.,2578,32,foundry,4c61f1a5d07e3a201c1990546dd8905b2d2ddf92,24,59.04,True,False,test_SellCreditMarket_sellCreditMarket_incorrectFee,writeup+patch,project/evmbench/audits/2024-06-size/findings/H-01.md,,,,,,
2024-06-size::H-02,2024-06-size,H-02,H,Risk of overpayment due to race condition between repay and liquidateWithReplacement transactions,Risk of overpayment due to race condition between repay and liquidateWithReplacement transactions,code4rena,Credit marketplace with unified liquidity across maturities.,2578,32,foundry,4c61f1a5d07e3a201c1990546dd8905b2d2ddf92,4,8669.79,False,False,,writeup,project/evmbench/audits/2024-06-size/findings/H-02.md,,,,,,
2024-06-size::H-03,2024-06-size,H-03,H,The collateral remainder cap is incorrectly calculated during liquidation,The collateral remainder cap is incorrectly calculated during liquidation,code4rena,Credit marketplace with unified liquidity across maturities.,2578,32,foundry,4c61f1a5d07e3a201c1990546dd8905b2d2ddf92,9,1859.68,True,False,test_liquidate_protocol_profit,writeup+patch,project/evmbench/audits/2024-06-size/findings/H-03.md,,,,,,
2024-06-size::H-04,2024-06-size,H-04,H,Users won’t liquidate positions because the logic used to calculate the liquidator’s profit is incorrect,Users won’t liquidate positions because the logic used to calculate the liquidator’s profit is incorrect,code4rena,Credit marketplace with unified liquidity across maturities.,2578,32,foundry,4c61f1a5d07e3a201c1990546dd8905b2d2ddf92,61,0.05,True,False,testLiquidatorsAreNotIncentivized,writeup+patch,project/evmbench/audits/2024-06-size/findings/H-04.md,,,,,,
2024-06-thorchain::H-01,2024-06-thorchain,H-01,H,A malicious user can steal money out of the vault and other users,A malicious user can steal money out of the vault and other users,code4rena,Cross chain liquidity network for native asset swaps.,1517,3,,,6,3033.62,False,False,,writeup,project/evmbench/audits/2024-06-thorchain/findings/H-01.md,,,,,,
2024-06-thorchain::H-02,2024-06-thorchain,H-02,H,ThorChain will be informed wrongly about the unsuccessful ETH transfers due to the incorrect events emissions,ThorChain will be informed wrongly about the unsuccessful ETH transfers due to the incorrect events emissions,code4rena,Cross chain liquidity network for native asset swaps.,1517,3,,,12,458.56,False,False,,writeup,project/evmbench/audits/2024-06-thorchain/findings/H-02.md,,,,,,
2024-06-vultisig::H-01,2024-06-vultisig,H-01,H,Most users won’t be able to claim their share of Uniswap fees,Most users won’t be able to claim their share of Uniswap fees,code4rena,Multi chain threshold signature wallet without seed phrases.,1327,22,,,15,214.3,False,False,,writeup,project/evmbench/audits/2024-06-vultisig/findings/H-01.md,,,,,,
2024-06-vultisig::H-03,2024-06-vultisig,H-03,H,Adversary can prevent the launch of any ILO pool with enough raised capital at any moment by providing single-sided liquidity,Adversary can prevent the launch of any ILO pool with enough raised capital at any moment by providing single-sided liquidity,code4rena,Multi chain threshold signature wallet without seed phrases.,1327,22,,,4,4670.03,False,False,,writeup,project/evmbench/audits/2024-06-vultisig/findings/H-03.md,,,,,,
2024-07-basin::H-01,2024-07-basin,H-01,H,WellUpgradeable can be upgraded by anyone,WellUpgradeable can be upgraded by anyone,code4rena,Composable EVM native decentralized exchange protocol.,2414,3,foundry-json,4de5896d4d2f58d9eff74a6a6dd5c13b27b5bc81,16,135.48,True,True,testUpgradeToNewImplementationNotOwner,writeup+patch+exploit,project/evmbench/audits/2024-07-basin/findings/H-01.md,,,,,,
2024-07-basin::H-02,2024-07-basin,H-02,H,Incorrectly assigned decimal1 parameter upon decoding,Incorrectly assigned decimal1 parameter upon decoding,code4rena,Composable EVM native decentralized exchange protocol.,2414,3,foundry-json,4de5896d4d2f58d9eff74a6a6dd5c13b27b5bc81,28,8.44,True,True,test_calcLpTokenSupply_sameDecimals2,writeup+patch+exploit,project/evmbench/audits/2024-07-basin/findings/H-02.md,,,,,,
2024-07-benddao::H-01,2024-07-benddao,H-01,H,Mismatch between yield amount deposited in shares calculation and getAccountYieldBalance(),Mismatch between yield amount deposited in shares calculation and getAccountYieldBalance(),code4rena,BendDAO V2 lending and leverage protocol.,4855,42,foundry,117ef61967d4b318fc65170061c9577e674fffa1,2,0.0,True,False,test_POC_Incorrect_Yield_tracking,writeup+patch,project/evmbench/audits/2024-07-benddao/findings/H-01.md,,,,,,
2024-07-benddao::H-02,2024-07-benddao,H-02,H,isolateRepay() lack of check onBehalf == nftOwner,isolateRepay() lack of check onBehalf == nftOwner,code4rena,BendDAO V2 lending and leverage protocol.,4855,42,foundry,117ef61967d4b318fc65170061c9577e674fffa1,1,0.0,True,False,test_VulnerabilityIsolateRepay_MaliciousOnBehalf,writeup+patch,project/evmbench/audits/2024-07-benddao/findings/H-02.md,,,,,,
2024-07-benddao::H-03,2024-07-benddao,H-03,H,erc721DecreaseIsolateSupplyOnLiquidate() missing clear lockerAddr,erc721DecreaseIsolateSupplyOnLiquidate() missing clear lockerAddr,code4rena,BendDAO V2 lending and leverage protocol.,4855,42,foundry,117ef61967d4b318fc65170061c9577e674fffa1,2,0.0,True,False,test_LockerAddrNotClearedAfterLiquidation,writeup+patch,project/evmbench/audits/2024-07-benddao/findings/H-03.md,,,,,,
2024-07-benddao::H-04,2024-07-benddao,H-04,H,"Revert due to underflow error, leading to lock of the liquidated NFT","Revert due to underflow error, leading to lock of the liquidated NFT",code4rena,BendDAO V2 lending and leverage protocol.,4855,42,foundry,117ef61967d4b318fc65170061c9577e674fffa1,3,0.0,False,False,,writeup,project/evmbench/audits/2024-07-benddao/findings/H-04.md,,,,,,
2024-07-benddao::H-06,2024-07-benddao,H-06,H,"Users cannot unstake from YiedlETHStakingEtherfi.sol, because YieldAccount.sol is incompatible with ether.fi’s WithdrawRequestNFT.sol","Users cannot unstake from YiedlETHStakingEtherfi.sol, because YieldAccount.sol is incompatible with ether.fi’s WithdrawRequestNFT.sol",code4rena,BendDAO V2 lending and leverage protocol.,4855,42,foundry,117ef61967d4b318fc65170061c9577e674fffa1,3,0.0,True,False,test_YieldAccount_NotERC721Receiver,writeup+patch,project/evmbench/audits/2024-07-benddao/findings/H-06.md,,,,,,
2024-07-benddao::H-07,2024-07-benddao,H-07,H,Anyone can get the NFT collateral token after an Auction without bidding due to missing check on msg.sender,Anyone can get the NFT collateral token after an Auction without bidding due to missing check on msg.sender,code4rena,BendDAO V2 lending and leverage protocol.,4855,42,foundry,117ef61967d4b318fc65170061c9577e674fffa1,3,0.0,True,True,test_Anyone_Can_LiquidateWETH,writeup+patch+exploit,project/evmbench/audits/2024-07-benddao/findings/H-07.md,,,,,,
2024-07-benddao::H-08,2024-07-benddao,H-08,H,The bot won’t be able to unstake or repay risky positions in the yield contract,The bot won’t be able to unstake or repay risky positions in the yield contract,code4rena,BendDAO V2 lending and leverage protocol.,4855,42,foundry,117ef61967d4b318fc65170061c9577e674fffa1,3,0.0,False,False,,writeup,project/evmbench/audits/2024-07-benddao/findings/H-08.md,,,,,,
2024-07-munchables::H-01,2024-07-munchables,H-01,H,Single plot can be occupied by multiple renters,Single plot can be occupied by multiple renters,code4rena,GameFi protocol with NFT plots and farming.,277,1,,,54,0.39,False,False,,writeup,project/evmbench/audits/2024-07-munchables/findings/H-01.md,,,,,,
2024-07-munchables::H-02,2024-07-munchables,H-02,H,Invalid validation in _farmPlots function allowing a malicious user repeated farming without locked funds,Invalid validation in _farmPlots function allowing a malicious user repeated farming without locked funds,code4rena,GameFi protocol with NFT plots and farming.,277,1,,,30,29.25,False,False,,writeup,project/evmbench/audits/2024-07-munchables/findings/H-02.md,,,,,,
2024-07-munchables::H-03,2024-07-munchables,H-03,H,Miscalculation in _farmPlots function could lead to a user unable to unstake all NFTs,Miscalculation in _farmPlots function could lead to a user unable to unstake all NFTs,code4rena,GameFi protocol with NFT plots and farming.,277,1,,,31,29.18,False,False,,writeup,project/evmbench/audits/2024-07-munchables/findings/H-03.md,,,,,,
2024-07-munchables::H-04,2024-07-munchables,H-04,H,in farmPlots() an underflow in edge case leading to freeze of funds (NFT),in farmPlots() an underflow in edge case leading to freeze of funds (NFT),code4rena,GameFi protocol with NFT plots and farming.,277,1,,,19,359.9,False,False,,writeup,project/evmbench/audits/2024-07-munchables/findings/H-04.md,,,,,,
2024-07-munchables::H-05,2024-07-munchables,H-05,H,Failure to update dirty flag in transferToUnoccupiedPlot prevents reward accumulation on valid plot,Failure to update dirty flag in transferToUnoccupiedPlot prevents reward accumulation on valid plot,code4rena,GameFi protocol with NFT plots and farming.,277,1,,,25,87.16,False,False,,writeup,project/evmbench/audits/2024-07-munchables/findings/H-05.md,,,,,,
2024-07-traitforge::H-02,2024-07-traitforge,H-02,H,Griefing attack on seller’s airdrop benefits,Griefing attack on seller’s airdrop benefits,code4rena,TraitForge on chain breeding game with forging and nuking.,880,6,hardhat,23d6fc6694dd699d6a0347e1d97bad0cb02961ea,14,72.88,False,False,,writeup,project/evmbench/audits/2024-07-traitforge/findings/H-02.md,,,,,,
2024-07-traitforge::H-03,2024-07-traitforge,H-03,H,Incorrect percentage calculation in NukeFund and EntityForging when taxCut is changed from default value,Incorrect percentage calculation in NukeFund and EntityForging when taxCut is changed from default value,code4rena,TraitForge on chain breeding game with forging and nuking.,880,6,hardhat,23d6fc6694dd699d6a0347e1d97bad0cb02961ea,11,151.03,True,True,should apply taxCut as a percentage of 100%,writeup+patch+exploit,project/evmbench/audits/2024-07-traitforge/findings/H-03.md,,,,,,
2024-08-phi::H-01,2024-08-phi,H-01,H,Signature replay in signatureClaim results in unauthorized claiming of rewards,Signature replay in signatureClaim results in unauthorized claiming of rewards,code4rena,Credentialing protocol for on chain identity and rewards.,1546,9,foundry,c9cce9061fd19c2d80835c185cb43ba2fc82cecb,4,938.08,True,True,testKuprum_Claim_with_Signature_Replay,writeup+patch+exploit,project/evmbench/audits/2024-08-phi/findings/H-01.md,,,,,,
2024-08-phi::H-02,2024-08-phi,H-02,H,Signature replay in createArt allows to impersonate artist and steal royalties,Signature replay in createArt allows to impersonate artist and steal royalties,code4rena,Credentialing protocol for on chain identity and rewards.,1546,9,foundry,c9cce9061fd19c2d80835c185cb43ba2fc82cecb,18,21.42,True,False,testKuprum_ImpersonateArtist,writeup+patch,project/evmbench/audits/2024-08-phi/findings/H-02.md,,,,,,
2024-08-phi::H-03,2024-08-phi,H-03,H,shareBalance bloating eventually blocks curator rewards distribution,shareBalance bloating eventually blocks curator rewards distribution,code4rena,Credentialing protocol for on chain identity and rewards.,1546,9,foundry,c9cce9061fd19c2d80835c185cb43ba2fc82cecb,19,17.25,True,False,testBloatingBalances,writeup+patch,project/evmbench/audits/2024-08-phi/findings/H-03.md,,,,,,
2024-08-phi::H-04,2024-08-phi,H-04,H,Forced endTime extension in updateArtSettings() allows attacker to mint more tokens,Forced endTime extension in updateArtSettings() allows attacker to mint more tokens,code4rena,Credentialing protocol for on chain identity and rewards.,1546,9,foundry,c9cce9061fd19c2d80835c185cb43ba2fc82cecb,1,7943.0,False,False,,writeup,project/evmbench/audits/2024-08-phi/findings/H-04.md,,,,,,
2024-08-phi::H-06,2024-08-phi,H-06,H,"Reentrancy Vulnerability Allows Bypass of Cooldown, Leading to Unfair Reward Extraction Through Flash Loan",Reentrancy in creating Creds allows an attacker to steal all Ether from the Cred contract,code4rena,Credentialing protocol for on chain identity and rewards.,1546,9,foundry,c9cce9061fd19c2d80835c185cb43ba2fc82cecb,22,9.15,True,True,testCredDraining,writeup+patch+exploit,project/evmbench/audits/2024-08-phi/findings/H-06.md,,,,,,
2024-08-phi::H-07,2024-08-phi,H-07,H,Unrestricted changes to token settings allow artists to alter critical features,Unrestricted changes to token settings allow artists to alter critical features,code4rena,Credentialing protocol for on chain identity and rewards.,1546,9,foundry,c9cce9061fd19c2d80835c185cb43ba2fc82cecb,15,41.86,False,False,,writeup,project/evmbench/audits/2024-08-phi/findings/H-07.md,,,,,,
2024-08-wildcat::H-01,2024-08-wildcat,H-01,H,"User could withdraw more than supposed to, forcing last user withdraw to fail","User could withdraw more than supposed to, forcing last user withdraw to fail",code4rena,Fixed rate private credit protocol on Ethereum.,3784,19,foundry,7c5d8389b2a368ce6c4fc79e50c39eac3516ea5e,1,20251.54,True,False,test_deadrosesxyzissue,writeup+patch,project/evmbench/audits/2024-08-wildcat/findings/H-01.md,,,,,,
2024-12-secondswap::H-01,2024-12-secondswap,H-01,H,SecondSwap_Marketplace vesting listing order affects how much the vesting buyers can claim at a given step,SecondSwap_Marketplace vesting listing order affects how much the vesting buyers can claim at a given step,code4rena,Secondary market for locked token vesting positions.,769,7,foundry,1c4c7f744b4e8e0097f05242f44e332a91c61619,26,4.14,False,False,,writeup,project/evmbench/audits/2024-12-secondswap/findings/H-01.md,,,,,,
2024-12-secondswap::H-02,2024-12-secondswap,H-02,H,"transferVesting creates an incorrect vesting for new users when they purchase a vesting, because stepsClaimed is the same for all sales, allowing an attacker to prematurely unlock too many tokens","transferVesting creates an incorrect vesting for new users when they purchase a vesting, because stepsClaimed is the same for all sales, allowing an attacker to prematurely unlock too many tokens",code4rena,Secondary market for locked token vesting positions.,769,7,foundry,1c4c7f744b4e8e0097f05242f44e332a91c61619,107,0.0,False,False,,writeup,project/evmbench/audits/2024-12-secondswap/findings/H-02.md,,,,,,
2024-12-secondswap::H-03,2024-12-secondswap,H-03,H,"In transferVesting, the grantorVesting.releaseRate is calculated incorrectly, which leads to the sender being able to unlock more tokens than were initially locked.","In transferVesting, the grantorVesting.releaseRate is calculated incorrectly, which leads to the sender being able to unlock more tokens than were initially locked.",code4rena,Secondary market for locked token vesting positions.,769,7,foundry,1c4c7f744b4e8e0097f05242f44e332a91c61619,12,87.18,False,False,,writeup,project/evmbench/audits/2024-12-secondswap/findings/H-03.md,,,,,,
2025-01-liquid-ron::H-01,2025-01-liquid-ron,H-01,H,"The calculation of totalAssets() could be wrong if operatorFeeAmount > 0, this can cause potential loss for the new depositors","The calculation of totalAssets() could be wrong if operatorFeeAmount > 0, this can cause potential loss for the new depositors",code4rena,Liquid staking token for Ronin Network.,386,6,foundry,ddc09c9ae7e89eb1eb781ccf2f26210cc7d32ff8,73,0.03,True,False,test_withdraw_new_user,writeup+patch,project/evmbench/audits/2025-01-liquid-ron/findings/H-01.md,,,,,,
2025-01-next-generation::H-01,2025-01-next-generation,H-01,H,Cross-chain signature replay attack due to user-supplied domainSeparator and missing deadline check,Cross-chain signature replay attack due to user-supplied domainSeparator and missing deadline check,code4rena,EURF ERC20 token contract.,472,6,,,36,3.65,False,False,,writeup,project/evmbench/audits/2025-01-next-generation/findings/H-01.md,,,,,,
2025-02-thorwallet::H-01,2025-02-thorwallet,H-01,H,MergeTgt has no handling if TGTTOEXCHANGE is exceeded during the exchange period,MergeTgt has no handling if TGTTOEXCHANGE is exceeded during the exchange period,code4rena,TITN token exchange and bridging flow.,216,2,,,63,0.35,False,False,,writeup,project/evmbench/audits/2025-02-thorwallet/findings/H-01.md,,,,,,
2025-04-forte::H-01,2025-04-forte,H-01,H,Early 72-digit adjustment in sqrt will lead to incorrect result exponent calculation,Early 72-digit adjustment in sqrt will lead to incorrect result exponent calculation,code4rena,Signed floating point math library for Solidity.,1530,3,foundry,ce7f56c96c385d87a4be9737acea8fe9b425576a,10,458.74,True,False,testH01POC,writeup+patch,project/evmbench/audits/2025-04-forte/findings/H-01.md,,,,,,
2025-04-forte::H-02,2025-04-forte,H-02,H,Square root function silently accepts invalid non-positive inputs,Sqrt function silently reverts the entire control flow when a packed float of 0 value is passed,code4rena,Signed floating point math library for Solidity.,1530,3,foundry,ce7f56c96c385d87a4be9737acea8fe9b425576a,20,45.17,True,False,testSqrtSilentRevert,writeup+patch,project/evmbench/audits/2025-04-forte/findings/H-02.md,,,,,,
2025-04-forte::H-03,2025-04-forte,H-03,H,Natural logarithm function silently accepts invalid non-positive inputs,Natural logarithm function silently accepts invalid non-positive inputs,code4rena,Signed floating point math library for Solidity.,1530,3,foundry,ce7f56c96c385d87a4be9737acea8fe9b425576a,33,4.03,True,False,testLnWithNonPositiveInput,writeup+patch,project/evmbench/audits/2025-04-forte/findings/H-03.md,,,,,,
2025-04-forte::H-04,2025-04-forte,H-04,H,Unwrapping while equating inside the eq function fails to account for the set L_MATISSA_FLAG,Unwrapping while equating inside the eq function fails to account for the set L_MATISSA_FLAG,code4rena,Signed floating point math library for Solidity.,1530,3,foundry,ce7f56c96c385d87a4be9737acea8fe9b425576a,11,345.88,False,False,,writeup,project/evmbench/audits/2025-04-forte/findings/H-04.md,,,,,,
2025-04-forte::H-05,2025-04-forte,H-05,H,"Precision loss in toPackedFloat function when mantissa is in range (MAX_M_DIGIT_NUMBER, MIN_L_DIGIT_NUMBER)","Precision loss in toPackedFloat function when mantissa is in range (MAX_M_DIGIT_NUMBER, MIN_L_DIGIT_NUMBER)",code4rena,Signed floating point math library for Solidity.,1530,3,foundry,ce7f56c96c385d87a4be9737acea8fe9b425576a,6,1698.76,False,False,,writeup,project/evmbench/audits/2025-04-forte/findings/H-05.md,,,,,,
2025-04-virtuals::H-01,2025-04-virtuals,H-01,H,Lack of access control in AgentNftV2::addValidator() enables unauthorized validator injection and causes reward accounting inconsistencies,Lack of access control in AgentNftV2::addValidator() enables unauthorized validator injection and causes reward accounting inconsistencies,code4rena,AgentFactory and DAO system for launching virtual agents.,5238,43,hardhat,aeda2421b216c17ff97c9782257962b488f290d7,21,9.38,True,True,H-01 addValidator allows unauthorized validator injection,writeup+patch+exploit,project/evmbench/audits/2025-04-virtuals/findings/H-01.md,,,,,,
2025-04-virtuals::H-03,2025-04-virtuals,H-03,H,Public ServiceNft::updateImpact call leads to cascading issue,Public ServiceNft::updateImpact call leads to cascading issue,code4rena,AgentFactory and DAO system for launching virtual agents.,5238,43,hardhat,aeda2421b216c17ff97c9782257962b488f290d7,19,14.35,True,False,H-03 public updateImpact allows anyone to zero impacts,writeup+patch,project/evmbench/audits/2025-04-virtuals/findings/H-03.md,,,,,,
2025-04-virtuals::H-04,2025-04-virtuals,H-04,H,Public ContributionNft::mint leads to cascading issues / loss of funds,Public ContributionNft::mint leads to cascading issues / loss of funds,code4rena,AgentFactory and DAO system for launching virtual agents.,5238,43,hardhat,aeda2421b216c17ff97c9782257962b488f290d7,7,273.92,False,False,,writeup,project/evmbench/audits/2025-04-virtuals/findings/H-04.md,,,,,,
2025-04-virtuals::H-05,2025-04-virtuals,H-05,H,ValidatorRegistry::validatorScore/getPastValidatorScore allows validator to earn full rewards without actually engaging with the protocol,ValidatorRegistry::validatorScore/getPastValidatorScore allows validator to earn full rewards without actually engaging with the protocol,code4rena,AgentFactory and DAO system for launching virtual agents.,5238,43,hardhat,aeda2421b216c17ff97c9782257962b488f290d7,3,1224.39,False,False,,writeup,project/evmbench/audits/2025-04-virtuals/findings/H-05.md,,,,,,
2025-05-blackhole::H-02,2025-05-blackhole,H-02,H,Reward token in GaugeFactoryCL can be drained by anyone,Reward token in GaugeFactoryCL can be drained by anyone,code4rena,Liquidity and trading hub on Avalanche.,10108,116,hardhat,9cb070f6f05b96c5bb64311943592307ae296d65,10,56.02,True,True,H-02 drain via createGauge,writeup+patch+exploit,project/evmbench/audits/2025-05-blackhole/findings/H-02.md,,,,,,
2025-06-panoptic::H-01,2025-06-panoptic,H-01,H,The poolExposure for token1 is erroneously calculated as shortPremium - longPremium;,The poolExposure for token1 is erroneously calculated as shortPremium - longPremium;,code4rena,Oracle free perpetual options protocol.,444,2,foundry,eea2c931b1cbce1da01586e42ba298814de40d31,13,118.95,True,True,test_submissionValidity,writeup+patch+exploit,project/evmbench/audits/2025-06-panoptic/findings/H-01.md,,,,,,
2025-06-panoptic::H-02,2025-06-panoptic,H-02,H,NAV calculation inconsistency due to underlying token position in pool configuration,NAV calculation inconsistency due to underlying token position in pool configuration,code4rena,Oracle free perpetual options protocol.,444,2,foundry,eea2c931b1cbce1da01586e42ba298814de40d31,2,5013.61,True,False,test_underlyingOutsidePoolInconsistentNAV,writeup+patch,project/evmbench/audits/2025-06-panoptic/findings/H-02.md,,,,,,
2025-10-sequence::H-01,2025-10-sequence,H-01,H,Chained signature with checkpoint usage disabled can bypass all checkpointer validation,Chained signature with checkpoint usage disabled can bypass all checkpointer validation,code4rena,Smart wallet with passkeys social auth and recovery.,4630,34,,,1,20366.77,False,False,,writeup,project/evmbench/audits/2025-10-sequence/findings/H-01.md,,,,,,
2025-10-sequence::H-02,2025-10-sequence,H-02,H,Partial signature replay/frontrunning attack on session calls,Partial signature replay/frontrunning attack on session calls,code4rena,Smart wallet with passkeys social auth and recovery.,4630,34,,,1,20366.77,False,False,,writeup,project/evmbench/audits/2025-10-sequence/findings/H-02.md,,,,,,
2026-01-tempo-feeamm::H-01,2026-01-tempo-feeamm,H-01,H,Reentrancy in burn allows stablecoin pool drainage,Reentrancy in burn allows stablecoin pool drainage,tempo,Fee AMM for swapping user and validator TIP-20 stablecoins.,289,1,foundry,14539664d53abcc4099e02adc01f12739edeef24,,0.0,True,False,testReentrancyBurnDrain,writeup+patch,project/evmbench/audits/2026-01-tempo-feeamm/findings/H-01.md,,,,,,
2026-01-tempo-mpp-streams::H-03,2026-01-tempo-mpp-streams,H-03,H,Authorized signer validation bypass via zero address signature recovery,Authorized signer validation bypass via zero address signature recovery,tempo,Voucher based streaming payment channels for Tempo micropayments.,477,1,foundry,41962def7127946d8ab2f0e0ccb0f689f3fb79d6,,0.0,True,True,testZeroAddressBypass,writeup+patch+exploit,project/evmbench/audits/2026-01-tempo-mpp-streams/findings/H-03.md,,,,,,
2026-01-tempo-stablecoin-dex::H-02,2026-01-tempo-stablecoin-dex,H-02,H,Missing authorization in cancel() allows anyone to cancel any order,Missing authorization in cancel() allows anyone to cancel any order,tempo,Orderbook DEX for TIP-20 stablecoin swaps on Tempo.,495,2,foundry,f66de060ec2bf899b2a54dd1d984fff4d9f20c4e,,0.0,True,True,testUnauthorizedCancel,writeup+patch+exploit,project/evmbench/audits/2026-01-tempo-stablecoin-dex/findings/H-02.md,,,,,,
2026-01-tempo-stablecoin-dex::H-04,2026-01-tempo-stablecoin-dex,H-04,H,Integer underflow in balance subtraction allows draining DEX liquidity,Integer underflow in balance subtraction allows draining DEX liquidity,tempo,Orderbook DEX for TIP-20 stablecoin swaps on Tempo.,495,2,foundry,f66de060ec2bf899b2a54dd1d984fff4d9f20c4e,,0.0,True,True,testBalanceUnderflow,writeup+patch+exploit,project/evmbench/audits/2026-01-tempo-stablecoin-dex/findings/H-04.md,,,,,,
